id_ruta,clave_ruta,nombre_ramal,detalle,longitud_cartografica_km,numero_trazos,trazos_ids,fecha_interna_fuente,fuente_geografica,tecnologia_m09,estado_operativo_actual,estado_electrificacion,id_servicio_vinculado,fuente_vinculacion,fecha_verificacion,observaciones
M09-4,14,TENORIOS - METRO CONSTITUCIÓN,,13.575748375150491,2,M09-4-1;M09-4-2,2022-09-02,M09,unknown,no_verificado,no_verificado,,,,Trazo histórico: no implica operación vigente ni tecnología actual
M09-15,14,PALMITAS - METRO CONSTITUCIÓN,,12.800594771528512,2,M09-15-1;M09-15-2,2022-09-02,M09,unknown,no_verificado,no_verificado,,,,Trazo histórico: no implica operación vigente ni tecnología actual
M09-26,117,SAN BARTOLO - METRO ZAPATA,,29.602523500134257,2,M09-26-1;M09-26-2,2022-09-02,M09,unknown,no_verificado,no_verificado,,,,Trazo histórico: no implica operación vigente ni tecnología actual
M09-37,117,METRO BARRANCA DEL MUERTO - SANTA ROSA XOCHIAC X OLIVAR,,53.36334524537573,3,M09-37-1;M09-37-2;M09-37-3,2022-09-02,M09,unknown,no_verificado,no_verificado,,,,Trazo histórico: no implica operación vigente ni tecnología actual
M09-50,43,METRO VIVEROS - RIO DE GUADALUPE,,13.117933464454804,2,M09-50-1;M09-50-2,2022-09-02,M09,unknown,no_verificado,no_verificado,,,,Trazo histórico: no implica operación vigente ni tecnología actual
M09-61,43,METRO VIVEROS - TETELPAN,,20.304861850983816,2,M09-61-1;M09-61-2,2022-09-02,M09,unknown,no_verificado,no_verificado,,,,Trazo histórico: no implica operación vigente ni tecnología actual
M09-72,43,METRO VIVEROS - LA ERA,,33.967735769326126,3,M09-72-1;M09-72-2;M09-72-3,2022-09-02,M09,unknown,no_verificado,no_verificado,,,,Trazo histórico: no implica operación vigente ni tecnología actual
M09-85,57,METRO BARRANCA DEL MUERTO - TARANGO,vagoneta,11.255886757307236,2,M09-85-1;M09-85-2,2022-09-02,M09,unknown,no_verificado,no_verificado,,,,Trazo histórico: no implica operación vigente ni tecnología actual
M09-96,57,METRO MIXCOAC - PUENTE COLORADO,autobuses,13.990670617901687,2,M09-96-1;M09-96-2,2022-09-02,M09,unknown,no_verificado,no_verificado,,,,Trazo histórico: no implica operación vigente ni tecnología actual
M09-107,57,METRO MIXCOAC - PUERTA GRANDE,autobuses,16.048151969469163,2,M09-107-1;M09-107-2,2022-09-02,M09,unknown,no_verificado,no_verificado,,,,Trazo histórico: no implica operación vigente ni tecnología actual
M09-118,57,METRO BARRANCA DEL MUERTO - LLANO GRANDE,autobuses,15.207571206179729,2,M09-118-1;M09-118-2,2022-09-02,M09,unknown,no_verificado,no_verificado,,,,Trazo histórico: no implica operación vigente ni tecnología actual
M09-129,57,METRO TACUBAYA - TEPEACA,autobuses,25.696034559511904,2,M09-129-1;M09-129-2,2022-09-02,M09,unknown,no_verificado,no_verificado,,,,Trazo histórico: no implica operación vigente ni tecnología actual
M09-140,57,TACUBAYA - CEHUAYO,autobuses,23.34482273060912,2,M09-140-1;M09-140-2,2022-09-02,M09,unknown,no_verificado,no_verificado,,,,Trazo histórico: no implica operación vigente ni tecnología actual
M09-151,57,METRO MIXCOAC - QUESO,autobuses,15.47226657931758,2,M09-151-1;M09-151-2,2022-09-02,M09,unknown,no_verificado,no_verificado,,,,Trazo histórico: no implica operación vigente ni tecnología actual
M09-162,57,METRO MIXCOAC - SAN BARTOLO,autobuses,24.440999524585198,2,M09-162-1;M09-162-2,2022-09-02,M09,unknown,no_verificado,no_verificado,,,,Trazo histórico: no implica operación vigente ni tecnología actual
M09-173,57,METRO BARRANCA DEL MUERTO - BOSQUES,autobuses,19.971447583843673,2,M09-173-1;M09-173-2,2022-09-02,M09,unknown,no_verificado,no_verificado,,,,Trazo histórico: no implica operación vigente ni tecnología actual
M09-184,103,METRO SALTO DEL AGUA - CUEMANCO X FOVISSSTE,,45.4893273634955,2,M09-184-1;M09-184-2,2022-09-02,M09,unknown,no_verificado,no_verificado,,,,Trazo histórico: no implica operación vigente ni tecnología actual
M09-195,2,METRO CHAPULTEPEC - ESPARTACO,,28.705981890934865,2,M09-195-1;M09-195-2,2022-09-02,M09,unknown,no_verificado,no_verificado,,,,Trazo histórico: no implica operación vigente ni tecnología actual
M09-206,2,METRO CHAPULTEPEC - PREPA 5,,28.451469622278932,2,M09-206-1;M09-206-2,2022-09-02,M09,unknown,no_verificado,no_verificado,,,,Trazo histórico: no implica operación vigente ni tecnología actual
M09-217,2,METRO CHAPULTEPEC - ESTADIO AZTECA,,30.128746631135286,2,M09-217-1;M09-217-2,2022-09-02,M09,unknown,no_verificado,no_verificado,,,,Trazo histórico: no implica operación vigente ni tecnología actual
M09-228,79,METRO SALTO DEL AGUA - CUEMANCO,,45.184821017354544,2,M09-228-1;M09-228-2,2022-09-02,M09,unknown,no_verificado,no_verificado,,,,Trazo histórico: no implica operación vigente ni tecnología actual
M09-239,90,MERCED - SANTO DOMINGO,,48.61719566512502,2,M09-239-1;M09-239-2,2022-09-02,M09,unknown,no_verificado,no_verificado,,,,Trazo histórico: no implica operación vigente ni tecnología actual
M09-250,25,CANAL DE APATLACO - METRO VILLA DE CORTÉS,,10.136351026041847,2,M09-250-1;M09-250-2,2022-09-02,M09,unknown,no_verificado,no_verificado,,,,Trazo histórico: no implica operación vigente ni tecnología actual
M09-261,25,VILLA DE CORTÉS - CEDA,,12.149893888818351,2,M09-261-1;M09-261-2,2022-09-02,M09,unknown,no_verificado,no_verificado,,,,Trazo histórico: no implica operación vigente ni tecnología actual
M09-272,25,VILLA DE CORTÉS - ICACOS,,4.468979862768031,2,M09-272-1;M09-272-2,2022-09-02,M09,unknown,no_verificado,no_verificado,,,,Trazo histórico: no implica operación vigente ni tecnología actual
M09-283,25,VILLA DE CORTÉS - SIFÓN,,9.335075721830428,2,M09-283-1;M09-283-2,2022-09-02,M09,unknown,no_verificado,no_verificado,,,,Trazo histórico: no implica operación vigente ni tecnología actual
M09-294,1,CALLE 7 - NORMAL,,25.03919846906806,2,M09-294-1;M09-294-2,2022-09-02,M09,unknown,no_verificado,no_verificado,,,,Trazo histórico: no implica operación vigente ni tecnología actual
M09-305,1,CHAPULTEPEC - CENTRAL DE ABASTO,,33.87025555851113,2,M09-305-1;M09-305-2,2022-09-02,M09,unknown,no_verificado,no_verificado,,,,Trazo histórico: no implica operación vigente ni tecnología actual
M09-316,1,CHAPULTEPEC - PANTITLAN,,16.32884248504409,2,M09-316-1;M09-316-2,2022-09-02,M09,unknown,no_verificado,no_verificado,,,,Trazo histórico: no implica operación vigente ni tecnología actual
M09-327,1,CINE LA VILLA - VILLA COAPA,Cine La Villa - Villa Coapa,45.9373043682658,2,M09-327-1;M09-327-2,2022-09-02,M09,unknown,no_verificado,no_verificado,,,,Trazo histórico: no implica operación vigente ni tecnología actual
M09-338,1,COL. FEDERAL - ZOCALO,,16.069925430053942,2,M09-338-1;M09-338-2,2022-09-02,M09,unknown,no_verificado,no_verificado,,,,Trazo histórico: no implica operación vigente ni tecnología actual
M09-349,1,COYOACAN - OFICINAS PEMEX,,22.4690622167049,2,M09-349-1;M09-349-2,2022-09-02,M09,unknown,no_verificado,no_verificado,,,,Trazo histórico: no implica operación vigente ni tecnología actual
M09-360,1,COYOACAN - OFICINAS PEMEX Y/O COLEGIO MILITAR,,25.31233737510386,2,M09-360-1;M09-360-2,2022-09-02,M09,unknown,no_verificado,no_verificado,,,,Trazo histórico: no implica operación vigente ni tecnología actual
M09-371,1,CU -TENORIOS,,30.495989536963037,2,M09-371-1;M09-371-2,2022-09-02,M09,unknown,no_verificado,no_verificado,,,,Trazo histórico: no implica operación vigente ni tecnología actual
M09-382,1,CU - TLALCOLIGIA,,18.089048616108183,2,M09-382-1;M09-382-2,2022-09-02,M09,unknown,no_verificado,no_verificado,,,,Trazo histórico: no implica operación vigente ni tecnología actual
M09-393,1,DEPORTIVO SAN PEDRO MARTIR - CU,,22.390811153691583,2,M09-393-1;M09-393-2,2022-09-02,M09,unknown,no_verificado,no_verificado,,,,Trazo histórico: no implica operación vigente ni tecnología actual
M09-404,1,ECONOMIA - COLEGIO MILITAR,,12.709483785707643,2,M09-404-1;M09-404-2,2022-09-02,M09,unknown,no_verificado,no_verificado,,,,Trazo histórico: no implica operación vigente ni tecnología actual
M09-415,1,GIGANTE IZTAPALAPA - COL. MORELOS,,36.69856179326687,2,M09-415-1;M09-415-2,2022-09-02,M09,unknown,no_verificado,no_verificado,,,,Trazo histórico: no implica operación vigente ni tecnología actual
M09-426,1,HOSPITAL GENERAL - SANTA CRUZ,,42.27035307860926,2,M09-426-1;M09-426-2,2022-09-02,M09,unknown,no_verificado,no_verificado,,,,Trazo histórico: no implica operación vigente ni tecnología actual
M09-437,1,HOSPITAL GENERAL SANTA CRUZ,,41.85619537596323,2,M09-437-1;M09-437-2,2022-09-02,M09,unknown,no_verificado,no_verificado,,,,Trazo histórico: no implica operación vigente ni tecnología actual
M09-448,1,IZTAPALAPA - COYOACAN,,25.185964497101214,2,M09-448-1;M09-448-2,2022-09-02,M09,unknown,no_verificado,no_verificado,,,,Trazo histórico: no implica operación vigente ni tecnología actual
M09-459,1,IZTAPALAPA - EJIDOS DEL MORAL,Ejidos del Moral- Iztapalapa,10.934105368710341,2,M09-459-1;M09-459-2,2022-09-02,M09,unknown,no_verificado,no_verificado,,,,Trazo histórico: no implica operación vigente ni tecnología actual
M09-470,1,IZTAPALAPA - MAZA DE JUAREZ,Iztapalapa -  Maza de Juarez,9.194760426586777,2,M09-470-1;M09-470-2,2022-09-02,M09,unknown,no_verificado,no_verificado,,,,Trazo histórico: no implica operación vigente ni tecnología actual
M09-481,1,LA VIGA - CENTRAL DE ABASTO,,22.729218160701354,2,M09-481-1;M09-481-2,2022-09-02,M09,unknown,no_verificado,no_verificado,,,,Trazo histórico: no implica operación vigente ni tecnología actual
M09-492,1,MANCHURIA - AZCAPOTZALCO Y/O OCEANIA  - METRO CAMARONES,001 AZCAPOTZALCO - MANCHURIA,26.472359055268512,2,M09-492-1;M09-492-2,2022-09-02,M09,unknown,no_verificado,no_verificado,,,,Trazo histórico: no implica operación vigente ni tecnología actual
M09-503,1,MANCHURIA - METRO HIDALGO,001 MANCHURIA - METRO HIDALGO OD,14.475176493902904,2,M09-503-1;M09-503-2,2022-09-02,M09,unknown,no_verificado,no_verificado,,,,Trazo histórico: no implica operación vigente ni tecnología actual
M09-514,1,METRO CU - SAN FERNANDO HUIPULCO,001 METRO CU - SAN FERNANDO HUIPULCO CC OD,20.340012617007204,2,M09-514-1;M09-514-2,2022-09-02,M09,unknown,no_verificado,no_verificado,,,,Trazo histórico: no implica operación vigente ni tecnología actual
M09-525,1,METRO EDURADO MOLINA - HOSPITAL GENERAL,HOSPITAL GENERAL DO - METRO EDUARDO MOLINA,18.423131260303204,2,M09-525-1;M09-525-2,2022-09-02,M09,unknown,no_verificado,no_verificado,,,,Trazo histórico: no implica operación vigente ni tecnología actual
M09-536,1,METRO ERMITA - EJIDOS DEL MORAL,,24.105582293677074,2,M09-536-1;M09-536-2,2022-09-02,M09,unknown,no_verificado,no_verificado,,,,Trazo histórico: no implica operación vigente ni tecnología actual
M09-547,1,METRO ERMITA - PROGRESISTA,,25.101169198504046,2,M09-547-1;M09-547-2,2022-09-02,M09,unknown,no_verificado,no_verificado,,,,Trazo histórico: no implica operación vigente ni tecnología actual
M09-558,1,METRO OCEANIA - METRO REVOLUCION,001 METRO OCEANIA - METRO REVOLUCION,18.688081675967368,2,M09-558-1;M09-558-2,2022-09-02,M09,unknown,no_verificado,no_verificado,,,,Trazo histórico: no implica operación vigente ni tecnología actual
M09-569,1,METRO TAXQUE?A - ZONA DE HOSPITALES,001 METRO TAXQUE?A - ZONA HOSPITALES CC DO,20.993251361894316,2,M09-569-1;M09-569-2,2022-09-02,M09,unknown,no_verificado,no_verificado,,,,Trazo histórico: no implica operación vigente ni tecnología actual
M09-580,1,NEZAHUALCOYOTL - CENTRO DE TLALPAN,,33.880062156913446,2,M09-580-1;M09-580-2,2022-09-02,M09,unknown,no_verificado,no_verificado,,,,Trazo histórico: no implica operación vigente ni tecnología actual
M09-591,1,NEZAHUALCOYOTL - SAN ANGEL,SAN ANGEL - NEZAHULACOYOTL,28.61941016446408,2,M09-591-1;M09-591-2,2022-09-02,M09,unknown,no_verificado,no_verificado,,,,Trazo histórico: no implica operación vigente ni tecnología actual
M09-602,1,NEZAHUALCOYOTL - TALLER,,11.42845062379092,2,M09-602-1;M09-602-2,2022-09-02,M09,unknown,no_verificado,no_verificado,,,,Trazo histórico: no implica operación vigente ni tecnología actual
M09-613,1,NEZAHUALCOYOTL - VILLA COAPA,001 NEZAHUALCOYOTL - VILLACOAPA OD,36.573709112456214,2,M09-613-1;M09-613-2,2022-09-02,M09,unknown,no_verificado,no_verificado,,,,Trazo histórico: no implica operación vigente ni tecnología actual
M09-624,1,NORTE 172 - PANTEON SAN ISIDRO CAMIONES,,34.18513621066119,2,M09-624-1;M09-624-2,2022-09-02,M09,unknown,no_verificado,no_verificado,,,,Trazo histórico: no implica operación vigente ni tecnología actual
M09-635,1,NORTE 172 - PANTEON SAN ISIDRO MICROS,,34.717738351187464,2,M09-635-1;M09-635-2,2022-09-02,M09,unknown,no_verificado,no_verificado,,,,Trazo histórico: no implica operación vigente ni tecnología actual
M09-646,1,OFICINAS PEMEX - VILLA COAPA - CUEMANCO,,48.45511407047344,2,M09-646-1;M09-646-2,2022-09-02,M09,unknown,no_verificado,no_verificado,,,,Trazo histórico: no implica operación vigente ni tecnología actual
M09-657,1,PANTITLAN - COMERCIAL MEXICANA - BORDO POR CARMELO PEREZ,,23.544430996544985,2,M09-657-1;M09-657-2,2022-09-02,M09,unknown,no_verificado,no_verificado,,,,Trazo histórico: no implica operación vigente ni tecnología actual
M09-668,1,PANTITLAN - NORMAL,,24.514456843797586,2,M09-668-1;M09-668-2,2022-09-02,M09,unknown,no_verificado,no_verificado,,,,Trazo histórico: no implica operación vigente ni tecnología actual
M09-679,1,PANTITLAN - RANCHO GRANDE ESTADIO SAN LORENZO TORRES,,26.775339370498056,2,M09-679-1;M09-679-2,2022-09-02,M09,unknown,no_verificado,no_verificado,,,,Trazo histórico: no implica operación vigente ni tecnología actual
M09-690,1,PE?ON - RCA VICTOR,,24.944158078995113,2,M09-690-1;M09-690-2,2022-09-02,M09,unknown,no_verificado,no_verificado,,,,Trazo histórico: no implica operación vigente ni tecnología actual
M09-701,1,POLITECNICO CIUDAD UNIVERSITARIA,001 CIUDAD UNIVERSITARIA -  POLITECNICO,48.744087359949724,2,M09-701-1;M09-701-2,2022-09-02,M09,unknown,no_verificado,no_verificado,,,,Trazo histórico: no implica operación vigente ni tecnología actual
M09-712,1,POLI - LA RAZA,,12.480426395544493,2,M09-712-1;M09-712-2,2022-09-02,M09,unknown,no_verificado,no_verificado,,,,Trazo histórico: no implica operación vigente ni tecnología actual
M09-723,1,PORTALES - JAIME NUNO,,17.871465493509138,2,M09-723-1;M09-723-2,2022-09-02,M09,unknown,no_verificado,no_verificado,,,,Trazo histórico: no implica operación vigente ni tecnología actual
M09-734,1,PROGRESISTA - METRO COYOACAN,001 PROGRESISTA - METRO COYOACAN OD,31.25968718852657,2,M09-734-1;M09-734-2,2022-09-02,M09,unknown,no_verificado,no_verificado,,,,Trazo histórico: no implica operación vigente ni tecnología actual
M09-745,1,PROGRESO - LA RAZA (ANTES HIDALGO),LA RAZA ANTES HIDALGO DO - SANTIAGO,15.486884223953858,2,M09-745-1;M09-745-2,2022-09-02,M09,unknown,no_verificado,no_verificado,,,,Trazo histórico: no implica operación vigente ni tecnología actual
M09-756,1,PE?ON RCA V?CTOR CUITL?HUAC,001 RCA V?ctor / Cuitl?huac - Pe?on,22.734858094458083,2,M09-756-1;M09-756-2,2022-09-02,M09,unknown,no_verificado,no_verificado,,,,Trazo histórico: no implica operación vigente ni tecnología actual
M09-767,1,SANTA CRUZ - TAXQUE?A OD,,28.33582690575247,2,M09-767-1;M09-767-2,2022-09-02,M09,unknown,no_verificado,no_verificado,,,,Trazo histórico: no implica operación vigente ni tecnología actual
M09-778,1,SANTA CRUZ -  SAN ANGEL REVISAR EN CAMPO,,44.45228015570661,2,M09-778-1;M09-778-2,2022-09-02,M09,unknown,no_verificado,no_verificado,,,,Trazo histórico: no implica operación vigente ni tecnología actual
M09-789,1,SAN ANGEL - CENTRAL DE ABASTO,,27.696841744434124,2,M09-789-1;M09-789-2,2022-09-02,M09,unknown,no_verificado,no_verificado,,,,Trazo histórico: no implica operación vigente ni tecnología actual
M09-800,1,SAN ANGEL - IZTAPALAPA,,28.571079453407425,2,M09-800-1;M09-800-2,2022-09-02,M09,unknown,no_verificado,no_verificado,,,,Trazo histórico: no implica operación vigente ni tecnología actual
M09-811,1,SAN PEDRO MARTIR - CU,,27.053254638405487,2,M09-811-1;M09-811-2,2022-09-02,M09,unknown,no_verificado,no_verificado,,,,Trazo histórico: no implica operación vigente ni tecnología actual
M09-822,1,SAN PEDRO MARTIR - METRO TAXQUE?A,,28.493925653132,2,M09-822-1;M09-822-2,2022-09-02,M09,unknown,no_verificado,no_verificado,,,,Trazo histórico: no implica operación vigente ni tecnología actual
M09-833,1,TACUBA - CENTRAL DE ABASTO,,40.62822098614119,2,M09-833-1;M09-833-2,2022-09-02,M09,unknown,no_verificado,no_verificado,,,,Trazo histórico: no implica operación vigente ni tecnología actual
M09-844,1,TACUBA - PANTITLAN OD,,33.406463228517616,2,M09-844-1;M09-844-2,2022-09-02,M09,unknown,no_verificado,no_verificado,,,,Trazo histórico: no implica operación vigente ni tecnología actual
M09-855,1,TACUBA - PANTITLAN X ZOCALO,,32.86695910339526,2,M09-855-1;M09-855-2,2022-09-02,M09,unknown,no_verificado,no_verificado,,,,Trazo histórico: no implica operación vigente ni tecnología actual
M09-866,1,TACUBA - ZARAGOZA,,30.811693668660116,2,M09-866-1;M09-866-2,2022-09-02,M09,unknown,no_verificado,no_verificado,,,,Trazo histórico: no implica operación vigente ni tecnología actual
M09-877,1,TAXQUE?A - CENTRAL DE ABASTO - SANTA CRUZ,,30.512656835990736,2,M09-877-1;M09-877-2,2022-09-02,M09,unknown,no_verificado,no_verificado,,,,Trazo histórico: no implica operación vigente ni tecnología actual
M09-888,1,TAXQUE?A - CENTRAL DE ABASTO,,14.390383898921021,2,M09-888-1;M09-888-2,2022-09-02,M09,unknown,no_verificado,no_verificado,,,,Trazo histórico: no implica operación vigente ni tecnología actual
M09-899,1,TAXQUE?A - CIUDAD UNIVERSITARIA,,10.969271760887576,2,M09-899-1;M09-899-2,2022-09-02,M09,unknown,no_verificado,no_verificado,,,,Trazo histórico: no implica operación vigente ni tecnología actual
M09-910,1,TAXQUE?A - VILLA ALVARO OBREGON,,11.445803489225336,2,M09-910-1;M09-910-2,2022-09-02,M09,unknown,no_verificado,no_verificado,,,,Trazo histórico: no implica operación vigente ni tecnología actual
M09-921,1,TAXQUE?A - VILLA PANAMERICANA,,17.48659992954254,2,M09-921-1;M09-921-2,2022-09-02,M09,unknown,no_verificado,no_verificado,,,,Trazo histórico: no implica operación vigente ni tecnología actual
M09-932,1,TAXQUE?A - ZAPATA,,12.687182120744227,2,M09-932-1;M09-932-2,2022-09-02,M09,unknown,no_verificado,no_verificado,,,,Trazo histórico: no implica operación vigente ni tecnología actual
M09-943,1,TLALNEPANTLA - CENTRAL DEL NORTE,,14.019889230572495,2,M09-943-1;M09-943-2,2022-09-02,M09,unknown,no_verificado,no_verificado,,,,Trazo histórico: no implica operación vigente ni tecnología actual
M09-954,1,UAM - CANAL DE TEZONTLE,Uam - Canal de Tezontle,9.03018283323507,2,M09-954-1;M09-954-2,2022-09-02,M09,unknown,no_verificado,no_verificado,,,,Trazo histórico: no implica operación vigente ni tecnología actual
M09-965,1,VILLACOAPA - OFICINAS PEMEX,,43.60256348486394,2,M09-965-1;M09-965-2,2022-09-02,M09,unknown,no_verificado,no_verificado,,,,Trazo histórico: no implica operación vigente ni tecnología actual
M09-976,1,VILLACOAPA - OFICINAS PEMEX (#2),001 OFICINAS PEMEX -  VILLACOAPA,43.62028238230902,2,M09-976-1;M09-976-2,2022-09-02,M09,unknown,no_verificado,no_verificado,,,,Trazo histórico: no implica operación vigente ni tecnología actual
M09-987,1,VILLACOAPA - TENORIOS,,30.19366647355924,2,M09-987-1;M09-987-2,2022-09-02,M09,unknown,no_verificado,no_verificado,,,,Trazo histórico: no implica operación vigente ni tecnología actual
M09-998,1,ZAPATA - RENOVACION,001 ZAPATA - RENOVACION OD,26.9835396273114,2,M09-998-1;M09-998-2,2022-09-02,M09,unknown,no_verificado,no_verificado,,,,Trazo histórico: no implica operación vigente ni tecnología actual
M09-1009,1,ZAPATA - VICENTE GUERRERO,R001 ZAPATA - RENOVACION OD,31.684158957919365,2,M09-1009-1;M09-1009-2,2022-09-02,M09,unknown,no_verificado,no_verificado,,,,Trazo histórico: no implica operación vigente ni tecnología actual
M09-1020,1,METRO CU - TORRES / EJIDOS  / SAN FERNANDO,001 METRO CU - TORRES / EJIDOS / SAN FERNANDO,27.07708535549224,2,M09-1020-1;M09-1020-2,2022-09-02,M09,unknown,no_verificado,no_verificado,,,,Trazo histórico: no implica operación vigente ni tecnología actual
M09-1031,1,IZTAPALAPA - MAZA DE JUAREZ,Iztapalapa -  Maza de Juarez,9.194760426586777,2,M09-1031-1;M09-1031-2,2022-09-02,M09,unknown,no_verificado,no_verificado,,,,Trazo histórico: no implica operación vigente ni tecnología actual
M09-1042,1,METRO CU - VILLA PANAMERICAN,R-1 METRO CU - VILLA PANAMERICANA,7.972123536624858,2,M09-1042-1;M09-1042-2,2022-09-02,M09,unknown,no_verificado,no_verificado,,,,Trazo histórico: no implica operación vigente ni tecnología actual
M09-1053,1,METRO C.U. - OFIC. SINDICATO DEL ISSSTE Y/O METRO CU - FOVISTE FUENTES BROTANTES,"PARTIENDO DE SU BASE TERMINAL CONTIN?A SOR JUANA IN?S DE LA CRUZ CONTIN?A VUELTA EN ""U"" POR SOR JUANA IN?S DE LA CRUZ, IZQ. AYUNTAMIENTO, DER. J. ROMO, DER. AV. INSURGENTES SUR, VUELTA EN ""U"" A LA ALTURA DE CALVARIO, DER. AV. LIGA IM?N, IZQ. PROLONGACI?N",16.104157051751258,2,M09-1053-1;M09-1053-2,2022-09-02,M09,unknown,no_verificado,no_verificado,,,,Trazo histórico: no implica operación vigente ni tecnología actual
M09-1064,1,METRO C.U. - SAN PEDRO MARTIR,"PARTIENDO DE GARDENIAS, IZQ. CEDRAL CONTIN?A 5 DE MAYO, HASTA LLEGAR A LA CARRETERA FEDERAL A CUERNAVACA, PROVINIENDO DE LA AUTOPISTA M?XICO CONTIN?A CUERNAVACA POR AV. INSURGENTES SUR, DER. AV. LIGA IM?N, IZQ. PROLONGACI?N DALIAS, HASTA LLEGAR A SU BASE",26.07510606452766,2,M09-1064-1;M09-1064-2,2022-09-02,M09,unknown,no_verificado,no_verificado,,,,Trazo histórico: no implica operación vigente ni tecnología actual
M09-1075,1,METRO C.U. -  TLALCOLIGIA,"PARTIENDO POR TEPEHUANOS HASTA LA CARRETERA FEDERAL A CUERNAVACA, PROVINIENDO DE LA AUTOPISTA M?XICO CUERNAVACA POR LA AV. INSURGENTES SUR, DER. AV. LIGA IM?N, IZQ. PROLONGACI?N DALIAS, HASTA LLEGAR A SU BASE INICIAL.",19.771314699853836,2,M09-1075-1;M09-1075-2,2022-09-02,M09,unknown,no_verificado,no_verificado,,,,Trazo histórico: no implica operación vigente ni tecnología actual
M09-1086,1,METRO TAXQUE?A - DEPORT SN PEDRO MARTIR,"METRO TAXQUE?A - DEPORTIVO SAN PEDRO M?RTIR

PARTIENDO DE SU BASE TERMINAL CONTIN?A CANAL DE MIRAMONTES, DER. CALZ. TAXQUE?A, IZQ. POR CALLE DE TLALPAN HASTA AV. INSURGENTES SUR, DER. CARRETERA FEDERAL A CUERNAVACA, DER. 5 DE MAYO, IZQ. PROLONGACI?N 5 DE",23.872632510498967,2,M09-1086-1;M09-1086-2,2022-09-02,M09,unknown,no_verificado,no_verificado,,,,Trazo histórico: no implica operación vigente ni tecnología actual
M09-1097,1,METRO TAXQUE?A - DEPORT SN PEDRO MARTIR (#2),"METRO TAXQUE?A - DEPORTIVO SAN PEDRO M?RTIR

PARTIENDO DE SU BASE TERMINAL CONTIN?A CANAL DE MIRAMONTES, DER. CALZ. TAXQUE?A, IZQ. POR CALLE DE TLALPAN HASTA AV. INSURGENTES SUR, DER. CARRETERA FEDERAL A CUERNAVACA, DER. 5 DE MAYO, IZQ. PROLONGACI?N 5 DE",23.742305556592832,2,M09-1097-1;M09-1097-2,2022-09-02,M09,unknown,no_verificado,no_verificado,,,,Trazo histórico: no implica operación vigente ni tecnología actual
M09-1108,1,METRO TAXQUE?A - ZONA DE HOSPITALES,"PARTIENDO DE SU BASE INICIAL, DER. MIGUEL ?NGEL DE QUEVEDO, IZQ. PUENTE ELEVADO DE TAXQUE?A CONTIN?A CALZADA TLALPAN, DER. CALZ. DE TLALPAN, IZQ. VIADUCTO TLALPAN, DER. SAN BUENAVENTURA, HASTA LLEGAR A LA ZONA HOSPITALARIA (Donde efect?a cierre de circui",22.22675090996529,2,M09-1108-1;M09-1108-2,2022-09-02,M09,unknown,no_verificado,no_verificado,,,,Trazo histórico: no implica operación vigente ni tecnología actual
M09-1119,1,METRO ZAPATA - VICENTE GUERRERO,METRO ZAPATA - VICENTE GUERRERO,32.27185027640674,2,M09-1119-1;M09-1119-2,2022-09-02,M09,unknown,no_verificado,no_verificado,,,,Trazo histórico: no implica operación vigente ni tecnología actual
M09-1130,1,NEZAHUALCOYOTL - CHIMALCOYOTL,"PARTIENDO DE CALZ. DE TLALPAN CONTIN?A SAN ANTONIO  ABAD CONTIN?A 20 DE NOVIEMBRE, DER. NETZAHUALCOYOTL, HASTA LLEGAR A SU BASE INICIAL.",37.10926224001744,2,M09-1130-1;M09-1130-2,2022-09-02,M09,unknown,no_verificado,no_verificado,,,,Trazo histórico: no implica operación vigente ni tecnología actual
M09-1141,1,TAXQUE?A - VILLA COAPA,VILLA COAPA - METRO TAXQUE?A,19.422155461292714,2,M09-1141-1;M09-1141-2,2022-09-02,M09,unknown,no_verificado,no_verificado,,,,Trazo histórico: no implica operación vigente ni tecnología actual
M09-1152,1,UAM - CANAL DE TEZONTLE,Uam - Canal de Tezontle,9.03018283323507,2,M09-1152-1;M09-1152-2,2022-09-02,M09,unknown,no_verificado,no_verificado,,,,Trazo histórico: no implica operación vigente ni tecnología actual
M09-1163,1,TAXQUE?A ? UNIVERSIDAD LATINA COPILCO CU X EJE 10,UNIVERSIDAD LATINA COPILCO CU X EJE 10 - TAXQUE?A,13.055165434813006,2,M09-1163-1;M09-1163-2,2022-09-02,M09,unknown,no_verificado,no_verificado,,,,Trazo histórico: no implica operación vigente ni tecnología actual
M09-1174,1,EJES 2 Y 3 PONIENTE VILLA COAPA - PEMEX COLEGIO MILITAR VILLA COAPA,,41.55995239721784,1,M09-1174-1,2022-09-02,M09,unknown,no_verificado,no_verificado,,,,Trazo histórico: no implica operación vigente ni tecnología actual
M09-1183,1,TRANSVAL EJES 1 Y 2 NORTE DERIVACIONES DE CALLE 7 ECONOMIA SOR JUANA,,36.14975233736692,3,M09-1183-1;M09-1183-2;M09-1183-3,2022-09-02,M09,unknown,no_verificado,no_verificado,,,,Trazo histórico: no implica operación vigente ni tecnología actual
M09-1196,10,AEROPUERTO - AV 5 ERMITA,"METRO AEROPUERTO - AV. 5


PARTIENDO DE SU ZONA DE ASCENSO Y DESCENSO DE ORIGEN, IZQ. LATERAL DE BLVR. PUERTO AEREO CONTIN?A GALINDO Y VILLA CONTIN?A AV. DEL HULE CONTIN?A LATERAL DE AV. RIO CHURUBUSCO (Circuito Interior), DER. A?IL (Eje 3 Sur), IZQ. FRA",17.003502175406016,2,M09-1196-1;M09-1196-2,2022-09-02,M09,unknown,no_verificado,no_verificado,,,,Trazo histórico: no implica operación vigente ni tecnología actual
M09-1207,10,AEROPUERTO - UPIICSA,aeropuerto - upiicsa,7.902368273053745,2,M09-1207-1;M09-1207-2,2022-09-02,M09,unknown,no_verificado,no_verificado,,,,Trazo histórico: no implica operación vigente ni tecnología actual
M09-1218,10,XOLA - PASEOS DE CHURUBUSCO,xola - paseos de churubusco,15.46416143549404,2,M09-1218-1;M09-1218-2,2022-09-02,M09,unknown,no_verificado,no_verificado,,,,Trazo histórico: no implica operación vigente ni tecnología actual
M09-1229,10,AEROPUERTO - CENTRAL DE ABASTO,"METRO AEROPUERTO - UPIICSA, CENTRAL DE ABASTO

PARTIENDO DE SU ZONA DE ASCENSO Y DESCENSO DE ORIGEN, IZQ. LATERAL DE BLVR. PUERTO AEREO CONTIN?A GALINDO Y VILLA CONTIN?A AV. DEL HULE CONTIN?A AV. RIO CHURUBUSCO (Circuito Interior), IZQ. PLUTARCO ELIAS",12.504490589484936,2,M09-1229-1;M09-1229-2,2022-09-02,M09,unknown,no_verificado,no_verificado,,,,Trazo histórico: no implica operación vigente ni tecnología actual
M09-1240,10,AEROPUERTO - FELIX PARRA,"METRO AEROPUERTO - FELIX PARRA

PARTIENDO DE SU ZONA DE ASCENSO Y DESCENSO DE ORIGEN, IZQ. LATERAL DE BLVR. PUERTO AEREO CONTIN?A GALINDO Y VILLA CONTIN?A AV. DEL HULE CONTIN?A LATERAL DE AV. RIO CHURUBUSCO CONTIN?A RIO MIXCOAC (Circuito Interior), VUELT",31.524892830200923,2,M09-1240-1;M09-1240-2,2022-09-02,M09,unknown,no_verificado,no_verificado,,,,Trazo histórico: no implica operación vigente ni tecnología actual
M09-1251,100,MILPA ALTA-COL. MIGUEL HIDALGO,"RUTA 100

PARTIENDO DE SU ZONA DE ASCENSO Y DESCENSO DE ORIGEN, POR CONTITUCION, IZQ. AV.  YUCATAN, IZQ. MICHOACAN, DER. SANORA NTE., IZQ. AV. NVO. LEON, IZQ. CAMINO A SAN PEDRO ACTOPAN, DER. GUADALAJARA, PARA EFECTUAR CIERRE DE CIRCUITO A LA ALTURA DE L",5.785425035342718,2,M09-1251-1;M09-1251-2,2022-09-02,M09,unknown,no_verificado,no_verificado,,,,Trazo histórico: no implica operación vigente ni tecnología actual
M09-1262,100,SAN PABLO-MILPA ALTA,"RUTA 100


PARTIENDO DE SU ZONA DE ASCENSO Y DESCENSO DE ORIGEN, POR AV. FABIAN FLORES - CARRETERA SAN PABLO OZTOTEPEC - CUAUHTEMOC, DER. JUSTO SIERRA, IZ. QUETZALCOATL - MORELOS, DER. CUAUHTEMOC, DER. HIDALGO - CAMINO A SAN PEDRO ACTOPAN - AV. JALIZCO P",19.337603081061783,2,M09-1262-1;M09-1262-2,2022-09-02,M09,unknown,no_verificado,no_verificado,,,,Trazo histórico: no implica operación vigente ni tecnología actual
M09-1273,100,XOCH- XICOMULCO- MILPA ALTA,"RUTA 100



PARTIENDO DE SU ZONA DE ASCENSO Y DESCENSO DE ORIGEN,  POR VICENTE GUERRERO, DER. AV. JOSE MA. MORELOS - PROL. 16 DE SEPTIEMBE, DER. CUAUHTEMOC, DER. MIGUEL HIDALGO, IZQ. CAMINO A SANTA CECILIA - HOMRES ILUSTRES, IZQ. SAN BARTOLOME XICOMULCO",7.096109217047125,1,M09-1273-1,2022-09-02,M09,unknown,no_verificado,no_verificado,,,,Trazo histórico: no implica operación vigente ni tecnología actual
M09-1282,101,METRO VIADUCTO-ORIENTE112,,15.32252054399112,4,M09-1282-1;M09-1282-2;M09-1282-3;M09-1282-4,2022-09-02,M09,unknown,no_verificado,no_verificado,,,,Trazo histórico: no implica operación vigente ni tecnología actual
M09-1297,103,DR. ANDRADE - CAFETALES,Dr. Andrade - Cafetales,44.25896907286471,2,M09-1297-1;M09-1297-2,2022-09-02,M09,unknown,no_verificado,no_verificado,,,,Trazo histórico: no implica operación vigente ni tecnología actual
M09-1308,104,CANDELARIA SANTA ROSA (#2),CANDELARIA - SANTA ROSA,61.10556782978774,2,M09-1308-1;M09-1308-2,2022-09-02,M09,unknown,no_verificado,no_verificado,,,,Trazo histórico: no implica operación vigente ni tecnología actual
M09-1319,104,CANDELARIA SANTA ROSA,CANDELARIA - SANTA ROSA,61.10556782978774,2,M09-1319-1;M09-1319-2,2022-09-02,M09,unknown,no_verificado,no_verificado,,,,Trazo histórico: no implica operación vigente ni tecnología actual
M09-1330,104,CANDELARIA SAN VICENTE,CANDELARIA - SAN VICENTE,62.928181559130245,2,M09-1330-1;M09-1330-2,2022-09-02,M09,unknown,no_verificado,no_verificado,,,,Trazo histórico: no implica operación vigente ni tecnología actual
M09-1341,104,CANDELARIA SAN VICENTE (#2),CANDELARIA - SAN VICENTE,62.928181559130245,2,M09-1341-1;M09-1341-2,2022-09-02,M09,unknown,no_verificado,no_verificado,,,,Trazo histórico: no implica operación vigente ni tecnología actual
M09-1352,104,CANDELARIA- CHALCO (#2),CANDELARIA - CHALCO,79.47775843601104,2,M09-1352-1;M09-1352-2,2022-09-02,M09,unknown,no_verificado,no_verificado,,,,Trazo histórico: no implica operación vigente ni tecnología actual
M09-1363,104,CANDELARIA- CHALCO,CANDELARIA - CHALCO,79.47775843601104,2,M09-1363-1;M09-1363-2,2022-09-02,M09,unknown,no_verificado,no_verificado,,,,Trazo histórico: no implica operación vigente ni tecnología actual
M09-1374,104,CANDELARIA - LIMON  LOMAS DE SAN ISIDRO,CANDELARIA LIMON LOMAS SAN ISIDRO,50.14556183826463,2,M09-1374-1;M09-1374-2,2022-09-02,M09,unknown,no_verificado,no_verificado,,,,Trazo histórico: no implica operación vigente ni tecnología actual
M09-1385,104,CANDELARIA - XICO (#2),CHALCO - CANDELARIA,56.18611901957294,2,M09-1385-1;M09-1385-2,2022-09-02,M09,unknown,no_verificado,no_verificado,,,,Trazo histórico: no implica operación vigente ni tecnología actual
M09-1396,104,CANDELARIA - XICO (#3),CHALCO - CANDELARIA,56.18611901957294,2,M09-1396-1;M09-1396-2,2022-09-02,M09,unknown,no_verificado,no_verificado,,,,Trazo histórico: no implica operación vigente ni tecnología actual
M09-1407,104,CANDELARIA - XICO,CHALCO - CANDELARIA,56.18611901957294,2,M09-1407-1;M09-1407-2,2022-09-02,M09,unknown,no_verificado,no_verificado,,,,Trazo histórico: no implica operación vigente ni tecnología actual
M09-1418,104,DESFOGE A LANZADERA,DESFOGE A LANZADERA AEROPUERTO,4.393947829563064,2,M09-1418-1;M09-1418-2,2022-09-02,M09,unknown,no_verificado,no_verificado,,,,Trazo histórico: no implica operación vigente ni tecnología actual
M09-1429,104,METRO AEROPUERTO - VALLE DE XICO,.,53.11532861303742,2,M09-1429-1;M09-1429-2,2022-09-02,M09,unknown,no_verificado,no_verificado,,,,Trazo histórico: no implica operación vigente ni tecnología actual
M09-1440,104,METRO AEROPUERTO - VALLE DE XICO (#3),.,49.73653690957121,2,M09-1440-1;M09-1440-2,2022-09-02,M09,unknown,no_verificado,no_verificado,,,,Trazo histórico: no implica operación vigente ni tecnología actual
M09-1451,104,METRO GOMEZ FARIAS - CHAPINGO,METRO GOMEZ FARIAS - CHAPINGO,68.13182618565828,2,M09-1451-1;M09-1451-2,2022-09-02,M09,unknown,no_verificado,no_verificado,,,,Trazo histórico: no implica operación vigente ni tecnología actual
M09-1462,104,METRO GOMEZ FARIAS - CHAPINGO (#2),METRO GOMEZ FARIAS - CHAPINGO,66.49208326150634,2,M09-1462-1;M09-1462-2,2022-09-02,M09,unknown,no_verificado,no_verificado,,,,Trazo histórico: no implica operación vigente ni tecnología actual
M09-1473,104,METRO SAN LAZARO - CHAPINGO,METRO SAN LAZARO - CHAPINGO,75.10973584563261,2,M09-1473-1;M09-1473-2,2022-09-02,M09,unknown,no_verificado,no_verificado,,,,Trazo histórico: no implica operación vigente ni tecnología actual
M09-1484,104,METRO SAN LAZARO - CHAPINGO (#2),METRO SAN LAZARO - CHAPINGO,75.10973584563261,2,M09-1484-1;M09-1484-2,2022-09-02,M09,unknown,no_verificado,no_verificado,,,,Trazo histórico: no implica operación vigente ni tecnología actual
M09-1495,104,SAN VICENTE CHICOLOAPAN - LIMON  LOMAS DE SAN ISIDRO,CANDELARIA LIMON LOMAS SAN ISIDRO,50.14556183826463,2,M09-1495-1;M09-1495-2,2022-09-02,M09,unknown,no_verificado,no_verificado,,,,Trazo histórico: no implica operación vigente ni tecnología actual
M09-1506,106,METRO NORMAL TLATILCO,METRO NORMAL TLATILCO,18.244280159265053,2,M09-1506-1;M09-1506-2,2022-09-02,M09,unknown,no_verificado,no_verificado,,,,Trazo histórico: no implica operación vigente ni tecnología actual
M09-1517,106,METRO NORMAL UNIDAD EL ROSARIO,METRO NORMAL - UNIDAD EL ROSARIO,17.949327069888245,2,M09-1517-1;M09-1517-2,2022-09-02,M09,unknown,no_verificado,no_verificado,,,,Trazo histórico: no implica operación vigente ni tecnología actual
M09-1528,106,METRO NORMAL -GRANJAS,RUTA 106 METRO NORMAL -GRANJAS,25.45170481754822,2,M09-1528-1;M09-1528-2,2022-09-02,M09,unknown,no_verificado,no_verificado,,,,Trazo histórico: no implica operación vigente ni tecnología actual
M09-1539,106,NORMAL EXHACIENDA DE ENMEDIO,"PARTIENDO DE SU ZONA DE ASCENSO Y DESCENSO DE ORIGEN CONTIN?A LAURO AGUIRRE, IZQ. CARPIO, DER. AV. DE LOS MAESTROS, IZQ. ELIGIO ANCONA, DER. PLAN DE AGUA PRIETA CONTIN?A PLAN DE SAN LUIS, DER. AV. CUITLAHUAC, IZQ. JARDIN, IZQ. CALLE 15, DER. AV. CEYLAN,",19.76535836960157,2,M09-1539-1;M09-1539-2,2022-09-02,M09,unknown,no_verificado,no_verificado,,,,Trazo histórico: no implica operación vigente ni tecnología actual
M09-1550,106,AZCAPOTZALCO - VALLEJO,AZCAPOTZALCO  - POLITECNICO,19.745726942321923,2,M09-1550-1;M09-1550-2,2022-09-02,M09,unknown,no_verificado,no_verificado,,,,Trazo histórico: no implica operación vigente ni tecnología actual
M09-1561,108,PENITENCIARIA - FOVISSSTE,FOVISSSTE - PENITENCIARIA,32.07476530415354,2,M09-1561-1;M09-1561-2,2022-09-02,M09,unknown,no_verificado,no_verificado,,,,Trazo histórico: no implica operación vigente ni tecnología actual
M09-1572,108,PENITENCIARIA - PERIFERICO,PERIFERICO - PENITENCIARIA,37.94235710295305,2,M09-1572-1;M09-1572-2,2022-09-02,M09,unknown,no_verificado,no_verificado,,,,Trazo histórico: no implica operación vigente ni tecnología actual
M09-1583,108,PENITENCIARIA - TEC DE MONTERREY,PENITENCIARIA -  TEC DE MONTERREY,41.20265240752332,2,M09-1583-1;M09-1583-2,2022-09-02,M09,unknown,no_verificado,no_verificado,,,,Trazo histórico: no implica operación vigente ni tecnología actual
M09-1594,108,PENITENCIARIA - VILLA COAPA,VILLA COAPA - PENITENCIARIA,39.48548278870004,2,M09-1594-1;M09-1594-2,2022-09-02,M09,unknown,no_verificado,no_verificado,,,,Trazo histórico: no implica operación vigente ni tecnología actual
M09-1605,11,CENTRAL DE ABASTOS ? BORDO XOCHIACA - AV . CENTRAL,,40.23455700740097,2,M09-1605-1;M09-1605-2,2022-09-02,M09,unknown,no_verificado,no_verificado,,,,Trazo histórico: no implica operación vigente ni tecnología actual
M09-1616,11,DEPORTIVO SAN TA CRUZ - METRO AEROPUERTO,,29.248706664826095,2,M09-1616-1;M09-1616-2,2022-09-02,M09,unknown,no_verificado,no_verificado,,,,Trazo histórico: no implica operación vigente ni tecnología actual
M09-1627,11,FRANCISCO VILLA METRO PINO SUÁREZ PLAZA SAN ANTONIO ABAD II,,38.38177965002268,2,M09-1627-1;M09-1627-2,2022-09-02,M09,unknown,no_verificado,no_verificado,,,,Trazo histórico: no implica operación vigente ni tecnología actual
M09-1638,11,"FRENTES 6,7,8 9 Y 10 ?  CENTRAL DE ABASTOS","anden r

FRENTES 6,7,8 9 Y 10 - CENTRAL DE ABASTOS",17.67670604916128,2,M09-1638-1;M09-1638-2,2022-09-02,M09,unknown,no_verificado,no_verificado,,,,Trazo histórico: no implica operación vigente ni tecnología actual
M09-1649,11,"FRENTES 6,7,8 ? METRO PANTITLAN",anden r,19.89861120320212,2,M09-1649-1;M09-1649-2,2022-09-02,M09,unknown,no_verificado,no_verificado,,,,Trazo histórico: no implica operación vigente ni tecnología actual
M09-1660,11,"FRENTES 6,7,8 ? METRO ZARAGOZA","anden r

FRENTES 6,7,8 ? METRO ZARAGOZA",22.97810390138323,2,M09-1660-1;M09-1660-2,2022-09-02,M09,unknown,no_verificado,no_verificado,,,,Trazo histórico: no implica operación vigente ni tecnología actual
M09-1671,11,FRENTES METRO CONSTITUCI?N,,12.297942585731755,2,M09-1671-1;M09-1671-2,2022-09-02,M09,unknown,no_verificado,no_verificado,,,,Trazo histórico: no implica operación vigente ni tecnología actual
M09-1682,11,METRO AEROPUERTO ? METRO CONSTITUCI?N DE 1917,,31.982041893355003,2,M09-1682-1;M09-1682-2,2022-09-02,M09,unknown,no_verificado,no_verificado,,,,Trazo histórico: no implica operación vigente ni tecnología actual
M09-1693,11,METRO CONSTITUCI0N DE 1917 ? METRO PANTITLAN,METRO CONSTITUCI0N DE 1917 ? METRO PANTITLAN,27.85133574619903,2,M09-1693-1;M09-1693-2,2022-09-02,M09,unknown,no_verificado,no_verificado,,,,Trazo histórico: no implica operación vigente ni tecnología actual
M09-1704,11,METRO CONSTITUCI?N DE 1917- BORDO DE  XOCHIACA CARRETERA TEXCOCO SERVICIO  METROPOLITANO,,40.48305381627196,2,M09-1704-1;M09-1704-2,2022-09-02,M09,unknown,no_verificado,no_verificado,,,,Trazo histórico: no implica operación vigente ni tecnología actual
M09-1715,11,METRO CONSTITUCI?N DE 1917 ? CANAL DE SAN JUAN,,17.018021682539757,2,M09-1715-1;M09-1715-2,2022-09-02,M09,unknown,no_verificado,no_verificado,,,,Trazo histórico: no implica operación vigente ni tecnología actual
M09-1726,11,METRO CONSTITUCI?N DE 1917 - METRO PINO SU?REZ PLAZA SAN ANTONIO ABAD II,,37.458627342270326,2,M09-1726-1;M09-1726-2,2022-09-02,M09,unknown,no_verificado,no_verificado,,,,Trazo histórico: no implica operación vigente ni tecnología actual
M09-1737,11,"METRO ZARAGOZA ? SANTA CRUZ, TINACOS, VICENTE GUERRERO",,28.822334502125777,2,M09-1737-1;M09-1737-2,2022-09-02,M09,unknown,no_verificado,no_verificado,,,,Trazo histórico: no implica operación vigente ni tecnología actual
M09-1748,11,"PINO SU?REZ ? TINACOS, VICENTE GUERRERO",,39.212835397628595,2,M09-1748-1;M09-1748-2,2022-09-02,M09,unknown,no_verificado,no_verificado,,,,Trazo histórico: no implica operación vigente ni tecnología actual
M09-1759,11,PROPUESTAS DE PARADAS CORREDOR PERIFERICO ORIENTE BORDO TLAHUAC,,28.41123377113507,2,M09-1759-1;M09-1759-2,2022-09-02,M09,unknown,no_verificado,no_verificado,,,,Trazo histórico: no implica operación vigente ni tecnología actual
M09-1770,11,CENTRAL DE ABASTOS PESCADERIAS - SANTA  CRUZ TINACOS,CENTRAL DE ABASTOS PESCADERIAS - SANTA  CRUZ TINACOS,20.259236057999154,2,M09-1770-1;M09-1770-2,2022-09-02,M09,unknown,no_verificado,no_verificado,,,,Trazo histórico: no implica operación vigente ni tecnología actual
M09-1781,11,CENTRAL DE ABASTOS - BALNEARIO OLIMPICO,CENTRAL DE ABASTOS - BALNEARIO OLIMPICO,15.422510755129249,2,M09-1781-1;M09-1781-2,2022-09-02,M09,unknown,no_verificado,no_verificado,,,,Trazo histórico: no implica operación vigente ni tecnología actual
M09-1792,11,CENTRAL DE ABASTOS - METRO AGRICO LA ORIENTAL,CENTRAL DE ABASTOS - METRO AGRICO LA ORIENTAL,13.758667663896142,2,M09-1792-1;M09-1792-2,2022-09-02,M09,unknown,no_verificado,no_verificado,,,,Trazo histórico: no implica operación vigente ni tecnología actual
M09-1803,11,GIGANTE  IZTAPALAPA - METRO PANTITLAN,GIGANTE IZTAPALAPA - METRO PANTITLAN,19.506099790948735,2,M09-1803-1;M09-1803-2,2022-09-02,M09,unknown,no_verificado,no_verificado,,,,Trazo histórico: no implica operación vigente ni tecnología actual
M09-1814,11,METRO IZTAPALAPA ? CANAL DE SAN JUAN,,20.188565648103207,2,M09-1814-1;M09-1814-2,2022-09-02,M09,unknown,no_verificado,no_verificado,,,,Trazo histórico: no implica operación vigente ni tecnología actual
M09-1825,11,METRO IZTAPALAPA ? CENTRAL DE ABASTOS,CENTRAL DE ABASTOS - METRO IZTAPALAPA,12.363427826421304,2,M09-1825-1;M09-1825-2,2022-09-02,M09,unknown,no_verificado,no_verificado,,,,Trazo histórico: no implica operación vigente ni tecnología actual
M09-1836,11,METRO IZTAPALAPA ? METRO AGRICOLA ORIENTAL,METRO ZARAGOZA - METRO AGRICOLA ORIENTAL,15.309889800849236,2,M09-1836-1;M09-1836-2,2022-09-02,M09,unknown,no_verificado,no_verificado,,,,Trazo histórico: no implica operación vigente ni tecnología actual
M09-1847,11,METRO IZTAPALAPA ? METRO ZARAGOZA,METRO ZARAGOZA - METRO IZTAPALAPA,19.54368195391544,2,M09-1847-1;M09-1847-2,2022-09-02,M09,unknown,no_verificado,no_verificado,,,,Trazo histórico: no implica operación vigente ni tecnología actual
M09-1858,11,EJE 5 Y EJE 6 SUR - METRO PINO SUAREZ,PINO SU?REZ ? EJE 5 Y6,37.52800991435928,2,M09-1858-1;M09-1858-2,2022-09-02,M09,unknown,no_verificado,no_verificado,,,,Trazo histórico: no implica operación vigente ni tecnología actual
M09-1869,11,"FRENTES 7,8,9 Y 10 - METRO PINO SUAREZ","RUTA 11 METRO PINO SUAREZ -  FRENTES 7,8,9 Y 10",34.24742645753593,2,M09-1869-1;M09-1869-2,2022-09-02,M09,unknown,no_verificado,no_verificado,,,,Trazo histórico: no implica operación vigente ni tecnología actual
M09-1880,11,SANTA CRUZ TINACOS ? METRO PINO SUAREZ ? SERVICIO EXPRESS,,7.06242071410178,2,M09-1880-1;M09-1880-2,2022-09-02,M09,unknown,no_verificado,no_verificado,,,,Trazo histórico: no implica operación vigente ni tecnología actual
M09-1891,111,IZAZAGA SAN ANDRES TOTOLTEPEC,IZAZAGA  SAN ABDRES TOTOLTEPEC,44.18966457406707,2,M09-1891-1;M09-1891-2,2022-09-02,M09,unknown,no_verificado,no_verificado,,,,Trazo histórico: no implica operación vigente ni tecnología actual
M09-1902,111,IZAZAGA - TEPEXIMILPA,"IZAZAGA  TEXIMILPA

DER. PINO SU?REZ CONTIN?A SAN ANTONIO ABAD CONTIN?A CALZ. DE TLALPAN, DER. GAZA AV. INSURGENTES SUR, DER. CARRETERA FEDERAL CUERNAVACA, DER. TEHUANOS, IZQ. OTOM?ES, DER. VOLC?N IZTACCIHUATL, IZQ. VOLC?N AGUA, DER. VOLC?N KISKA CONTIN?",42.110487607336964,2,M09-1902-1;M09-1902-2,2022-09-02,M09,unknown,no_verificado,no_verificado,,,,Trazo histórico: no implica operación vigente ni tecnología actual
M09-1913,111,METRO TAXQUE?A  -  JUDIO TANQUE,METRO TAXQUE?A  -  JUDIO TANQUE,29.11178798334251,2,M09-1913-1;M09-1913-2,2022-09-02,M09,unknown,no_verificado,no_verificado,,,,Trazo histórico: no implica operación vigente ni tecnología actual
M09-1924,111,BARRANCA- DE MUERTO - LOMAS DE LA ERA,BARRANCA- DE MUERTO - LOMAS DE LA ERA,22.621627975349178,2,M09-1924-1;M09-1924-2,2022-09-02,M09,unknown,no_verificado,no_verificado,,,,Trazo histórico: no implica operación vigente ni tecnología actual
M09-1935,111,BARRANCA- DE MUERTO - TORRES DE POTRERO,BARRANCA- DE MUERTO - TORRES DE POTRERO,19.544817371874654,2,M09-1935-1;M09-1935-2,2022-09-02,M09,unknown,no_verificado,no_verificado,,,,Trazo histórico: no implica operación vigente ni tecnología actual
M09-1946,111,"IZAZAGA  -  CASETA DE COBRO, AUTOPISTA CUERNAVACA",SAN ABDRES TOTOLTEPEC IZAZAGA.,46.07165646500783,2,M09-1946-1;M09-1946-2,2022-09-02,M09,unknown,no_verificado,no_verificado,,,,Trazo histórico: no implica operación vigente ni tecnología actual
M09-1957,111,METRO TAXQUE?A  -  CONTRERAS ANZALDO,"RUTA 111

DER. EMILIO CARRANZA CONTIN?A FERROCARRIL CUERNAVACA, DER. AV. ?LVARO OBREG?N, IZQ. CAMINO REAL DE CONTRERAS, DER. ALFONSO PRIANI, IZQ. PACHUCA, DER. AV. M?XICO CONTIN?A AV. CONTRERAS, DER. SAN JER?NIMO, DER. CIRCUITO CIUDAD UNIVERSITARIA, DER",32.713371222964824,2,M09-1957-1;M09-1957-2,2022-09-02,M09,unknown,no_verificado,no_verificado,,,,Trazo histórico: no implica operación vigente ni tecnología actual
M09-1968,111,METRO TAXQUE?A  -  CONTRERAS DINAMOS,"RUTA 111

DER. EMILIO CARRANZA CONTIN?A FERROCARRIL CUERNAVACA, IZQ. AV. ?LVARO OBREG?N CONTIN?A BUENAVISTA, DER. GUADALUPE, IZQ. REYNACO, DER. NOGAL, DER. SAN JER?NIMO, IZQ. PAPALOTECA, DER. LAS PALMAS CONTIN?A OCOTLAN, DER. AV. SAN BERNAB?, DER. LUIS",35.38360094862726,2,M09-1968-1;M09-1968-2,2022-09-02,M09,unknown,no_verificado,no_verificado,,,,Trazo histórico: no implica operación vigente ni tecnología actual
M09-1979,111,METRO TAXQUE?A  -  OYAMEL,METRO TAXQUE?A  -  OYAMEL,36.78050177288143,2,M09-1979-1;M09-1979-2,2022-09-02,M09,unknown,no_verificado,no_verificado,,,,Trazo histórico: no implica operación vigente ni tecnología actual
M09-1990,111,METRO UNIVERSIDAD - BOSQUES DEL PEDREGAL,METRO UNIVERSIDAD - BOSQUES DEL PEDREGAL,15.821005820040106,1,M09-1990-1,2022-09-02,M09,unknown,no_verificado,no_verificado,,,,Trazo histórico: no implica operación vigente ni tecnología actual
M09-1999,112,RAMAL 156  COL. CONCHITA - METRO TAXQUE?A,,37.166464039129195,2,M09-1999-1;M09-1999-2,2022-09-02,M09,unknown,no_verificado,no_verificado,,,,Trazo histórico: no implica operación vigente ni tecnología actual
M09-2010,112,RAMAL  46 OASIS - METRO OBSERVATORIO,,53.37040913548244,2,M09-2010-1;M09-2010-2,2022-09-02,M09,unknown,no_verificado,no_verificado,,,,Trazo histórico: no implica operación vigente ni tecnología actual
M09-2021,112,RAMAL 139 A METRO TAXQUE?A - RECLUSORIO ORIENTE ( POR MIRAMONTES),,32.60215314646892,2,M09-2021-1;M09-2021-2,2022-09-02,M09,unknown,no_verificado,no_verificado,,,,Trazo histórico: no implica operación vigente ni tecnología actual
M09-2032,112,RAMAL 139 METRO TAXQUE?A - RECLUSORIO ORIENTE (POR SANTA ANA),,32.4869111012279,2,M09-2032-1;M09-2032-2,2022-09-02,M09,unknown,no_verificado,no_verificado,,,,Trazo histórico: no implica operación vigente ni tecnología actual
M09-2043,112,RAMAL 140 METRO TAXQUE?A - COL. L.E.A,,12.132689043562161,2,M09-2043-1;M09-2043-2,2022-09-02,M09,unknown,no_verificado,no_verificado,,,,Trazo histórico: no implica operación vigente ni tecnología actual
M09-2054,112,RAMAL 147A SAN MIGUEL TEOTONGO - SAN LAZARO (POR TORRES),,36.02428906540843,2,M09-2054-1;M09-2054-2,2022-09-02,M09,unknown,no_verificado,no_verificado,,,,Trazo histórico: no implica operación vigente ni tecnología actual
M09-2065,112,RAMAL 147 B SAN MIGUEL TEOTONGO (POR PALMAS) - METRO SAN LAZARO,,38.85811442670753,2,M09-2065-1;M09-2065-2,2022-09-02,M09,unknown,no_verificado,no_verificado,,,,Trazo histórico: no implica operación vigente ni tecnología actual
M09-2076,112,RAMAL 147 C COL. MIGUEL DE LA MADRID - METRO SAN LAZARO,,38.481309698458105,2,M09-2076-1;M09-2076-2,2022-09-02,M09,unknown,no_verificado,no_verificado,,,,Trazo histórico: no implica operación vigente ni tecnología actual
M09-2087,112,RAMAL 158 METRO TAXQUE?A - ZAPOTITLA,,29.907876474674733,2,M09-2087-1;M09-2087-2,2022-09-02,M09,unknown,no_verificado,no_verificado,,,,Trazo histórico: no implica operación vigente ni tecnología actual
M09-2098,112,RAMAL 165 EJERCITO DE ORIENTE - METRO SAN LAZARO,,28.30102779152216,2,M09-2098-1;M09-2098-2,2022-09-02,M09,unknown,no_verificado,no_verificado,,,,Trazo histórico: no implica operación vigente ni tecnología actual
M09-2109,112,RAMAL 166 A  PIRA?A  - METRO CONSTITUCION 1917,,16.504416304711217,2,M09-2109-1;M09-2109-2,2022-09-02,M09,unknown,no_verificado,no_verificado,,,,Trazo histórico: no implica operación vigente ni tecnología actual
M09-2120,112,RAMAL 166 METRO TAXQUE?A - JARDINES DE SAN LORENZO,,24.549436882172138,2,M09-2120-1;M09-2120-2,2022-09-02,M09,unknown,no_verificado,no_verificado,,,,Trazo histórico: no implica operación vigente ni tecnología actual
M09-2131,112,RAMAL 24 SANTA MARTHA - ALAMEDA CENTRAL,,40.30268975232251,2,M09-2131-1;M09-2131-2,2022-09-02,M09,unknown,no_verificado,no_verificado,,,,Trazo histórico: no implica operación vigente ni tecnología actual
M09-2142,112,RAMAL 30 A SANTA CATARINA - SAN LAZARO,,43.22419749463867,2,M09-2142-1;M09-2142-2,2022-09-02,M09,unknown,no_verificado,no_verificado,,,,Trazo histórico: no implica operación vigente ni tecnología actual
M09-2153,112,RAMAL 30 SANTA MARTHA - METRO CHAPULTEPEC,,44.56730381318422,2,M09-2153-1;M09-2153-2,2022-09-02,M09,unknown,no_verificado,no_verificado,,,,Trazo histórico: no implica operación vigente ni tecnología actual
M09-2164,112,RAMAL 46 B SANTA CATARINA  - METRO OBSERVATORIO,,63.68051734181137,2,M09-2164-1;M09-2164-2,2022-09-02,M09,unknown,no_verificado,no_verificado,,,,Trazo histórico: no implica operación vigente ni tecnología actual
M09-2175,112,RAMAL 52 A  SANTA CATARINA - METRO ZAPATA,,52.47957120047304,2,M09-2175-1;M09-2175-2,2022-09-02,M09,unknown,no_verificado,no_verificado,,,,Trazo histórico: no implica operación vigente ni tecnología actual
M09-2186,112,RAMAL 52 SANTA MARTHA - METRO ZAPATA,,43.29982880833871,2,M09-2186-1;M09-2186-2,2022-09-02,M09,unknown,no_verificado,no_verificado,,,,Trazo histórico: no implica operación vigente ni tecnología actual
M09-2197,112,RAMAL 53 SANTA MARTHA - SAN ANDES  MIXQUIC,,56.84909394198589,2,M09-2197-1;M09-2197-2,2022-09-02,M09,unknown,no_verificado,no_verificado,,,,Trazo histórico: no implica operación vigente ni tecnología actual
M09-2208,112,RAMAL 57 BR  SANTA CATARINA  - METRO UNIVERSIDAD,,72.68024028242924,2,M09-2208-1;M09-2208-2,2022-09-02,M09,unknown,no_verificado,no_verificado,,,,Trazo histórico: no implica operación vigente ni tecnología actual
M09-2219,112,RAMAL 57 B  SANTA MARTHA     -  METRO UNIVERSIDAD,,63.34702442685944,2,M09-2219-1;M09-2219-2,2022-09-02,M09,unknown,no_verificado,no_verificado,,,,Trazo histórico: no implica operación vigente ni tecnología actual
M09-2230,112,RAMAL 64 SAN LORENZO TEZONCO  - SAN BERNABE,,53.18190927102351,2,M09-2230-1;M09-2230-2,2022-09-02,M09,unknown,no_verificado,no_verificado,,,,Trazo histórico: no implica operación vigente ni tecnología actual
M09-2241,112,RAMAL 72 A METRO UNIVERSIDAD - CALZ. DE LAS BOMBAS,,26.86159642524783,2,M09-2241-1;M09-2241-2,2022-09-02,M09,unknown,no_verificado,no_verificado,,,,Trazo histórico: no implica operación vigente ni tecnología actual
M09-2252,112,RAMAL 72 RECLUSORIO ORIENTE - MAGDALENA CONTRERAS,,52.03337088274963,2,M09-2252-1;M09-2252-2,2022-09-02,M09,unknown,no_verificado,no_verificado,,,,Trazo histórico: no implica operación vigente ni tecnología actual
M09-2263,114,MONTE DE LAS CRUCES VILLA DE CORTES SANTA FE,Monte de las Cruces Villa de Cortes - Santa Fe,26.564440869796673,2,M09-2263-1;M09-2263-2,2022-09-02,M09,unknown,no_verificado,no_verificado,,,,Trazo histórico: no implica operación vigente ni tecnología actual
M09-2274,114,CHAPULTEPEC - CONTADERO,Monte de las Cruces Chapultepec Contadero,21.571174329630775,1,M09-2274-1,2022-09-02,M09,unknown,no_verificado,no_verificado,,,,Trazo histórico: no implica operación vigente ni tecnología actual
M09-2283,114,OBSERVATORIO - ACOPILCO,"['Monte de las Cruces Observatorio - Acopilco'],['Monte de las Cruces Observatorio - Huixquilucan'],['Monte de las Cruces Observatorio - San Juan Yautepec'],['Observatorio - Santiago Yacuitlalpan']",81.69323864770443,4,M09-2283-1;M09-2283-2;M09-2283-3;M09-2283-4,2022-09-02,M09,unknown,no_verificado,no_verificado,,,,Trazo histórico: no implica operación vigente ni tecnología actual
M09-2298,115,METRO CUATRO CAMINO - METRO GARIBALDI POR FLORES MAGON,METRO CUATRO CAMINO - METRO GARIBALDI POR FLORES MAGON,21.995213984683485,2,M09-2298-1;M09-2298-2,2022-09-02,M09,unknown,no_verificado,no_verificado,,,,Trazo histórico: no implica operación vigente ni tecnología actual
M09-2309,115,METRO GARIBALDI TOREO DE CUATRO CAMINOS POR PENSIL,METRO GARIBALDI TOREO DE CUATRO CAMINOS POR PENSIL,26.74733488694402,2,M09-2309-1;M09-2309-2,2022-09-02,M09,unknown,no_verificado,no_verificado,,,,Trazo histórico: no implica operación vigente ni tecnología actual
M09-2320,115,RAMAL 16 DEPORTIVO OCEANIA - PANTEON SAN ISIDRO POR LA NARANJA,DEPORTIVO OCEANIA - PANTEON SAN ISIDRO POR LA NARANJA,39.59210092827694,2,M09-2320-1;M09-2320-2,2022-09-02,M09,unknown,no_verificado,no_verificado,,,,Trazo histórico: no implica operación vigente ni tecnología actual
M09-2331,115,RAMAL 35 CTM  RISCO - LA VIRGEN,CTM  RISCO - LA VIRGEN,51.2050020657224,2,M09-2331-1;M09-2331-2,2022-09-02,M09,unknown,no_verificado,no_verificado,,,,Trazo histórico: no implica operación vigente ni tecnología actual
M09-2342,115,SAN JUAN ZACATENCO - HOSPITAL GENERAL,SAN JUAN ZACATENCO - HOSPITAL GENERAL,28.855005289316583,2,M09-2342-1;M09-2342-2,2022-09-02,M09,unknown,no_verificado,no_verificado,,,,Trazo histórico: no implica operación vigente ni tecnología actual
M09-2353,115,SAN FELIPE LEON DE LOS ALDAMAS  - 18 DE MARZO,SAN FELIPE LEON DE LOS ALDAMAS  - 18 DE MARZO,18.616771335013638,2,M09-2353-1;M09-2353-2,2022-09-02,M09,unknown,no_verificado,no_verificado,,,,Trazo histórico: no implica operación vigente ni tecnología actual
M09-2364,115,SAN FELIPE LEON DE LOS ALDAMAS  - IZTACALCO POR TEZONTLE,SAN FELIPE LEON DE LOS ALDAMAS  - IZTACALCO POR TEZONTLE,32.87368359394557,2,M09-2364-1;M09-2364-2,2022-09-02,M09,unknown,no_verificado,no_verificado,,,,Trazo histórico: no implica operación vigente ni tecnología actual
M09-2375,115,SAN FELIPE -  CHABACANO,SAN FELIPE -  CHABACANO,31.659724146740395,2,M09-2375-1;M09-2375-2,2022-09-02,M09,unknown,no_verificado,no_verificado,,,,Trazo histórico: no implica operación vigente ni tecnología actual
M09-2386,115,RAMAL 4 SAN FELIPE - AV. CEYLAN,SAN FELIPE - AV. CEYLAN,32.28027007283595,2,M09-2386-1;M09-2386-2,2022-09-02,M09,unknown,no_verificado,no_verificado,,,,Trazo histórico: no implica operación vigente ni tecnología actual
M09-2397,115,RAMAL 4 SAN FELIPE - METRO INDIOS VERDES,SAN FELIPE - METRO INDIOS VERDES,18.8047948831156,2,M09-2397-1;M09-2397-2,2022-09-02,M09,unknown,no_verificado,no_verificado,,,,Trazo histórico: no implica operación vigente ni tecnología actual
M09-2408,119,METRO CONSTITUCION DE 1917   UACM,RUTA 119  DIMENSIONAMIENTO DE 9.540 KM,19.592269952830428,2,M09-2408-1;M09-2408-2,2022-09-02,M09,unknown,no_verificado,no_verificado,,,,Trazo histórico: no implica operación vigente ni tecnología actual
M09-2419,119,METRO CONSTITUCION - AMADO NERVO,"RUTA 119  O-D

DIMESIONAMIENTO  DE  8.300MTS",16.90126507677651,2,M09-2419-1;M09-2419-2,2022-09-02,M09,unknown,no_verificado,no_verificado,,,,Trazo histórico: no implica operación vigente ni tecnología actual
M09-2430,119,METRO CONSTITUCION  - AMPLIACION LA CONCHITA,DIMENCIONAMIENTO DE 11 KM. 200,22.394174292442155,2,M09-2430-1;M09-2430-2,2022-09-02,M09,unknown,no_verificado,no_verificado,,,,Trazo histórico: no implica operación vigente ni tecnología actual
M09-2441,119,METRO ZARAGOZA - RECLUSORIO ORIENTE,,33.48323872643833,2,M09-2441-1;M09-2441-2,2022-09-02,M09,unknown,no_verificado,no_verificado,,,,Trazo histórico: no implica operación vigente ni tecnología actual
M09-2452,119,PIRA?A - METRO CONSTITUCION,"RUTA 119    O -D
DIMENSIONAMIENTO DE 8.150 MTS",16.481133771114777,2,M09-2452-1;M09-2452-2,2022-09-02,M09,unknown,no_verificado,no_verificado,,,,Trazo histórico: no implica operación vigente ni tecnología actual
M09-2463,119,METRO TEZONCO  -UACM,"DIMENCIUNAMINTO DEL SERVICIO ESD E 5 KM    PARA REALIZAR CIERRE DE CIRCUITO



ASCENSO Y DESCENSO EN LA BAHIA NORTE  DE METRO TEZONCO",5.039205984384121,1,M09-2463-1,2022-09-02,M09,unknown,no_verificado,no_verificado,,,,Trazo histórico: no implica operación vigente ni tecnología actual
M09-2472,12,METRO TAXQUE?A - APACHES CONALEP,METRO TAXQUE?A - APACHES CONALEP,13.838790593269213,2,M09-2472-1;M09-2472-2,2022-09-02,M09,unknown,no_verificado,no_verificado,,,,Trazo histórico: no implica operación vigente ni tecnología actual
M09-2483,12,METRO TAXQUE?A - CALLE 11 POR AV. TAXQUE?A,RUTA 12 METRO TAXQUE?A - CALLE 11 POR AV. TAXQUE?A,21.85699233860099,2,M09-2483-1;M09-2483-2,2022-09-02,M09,unknown,no_verificado,no_verificado,,,,Trazo histórico: no implica operación vigente ni tecnología actual
M09-2494,12,METRO TAXQUE?A - UNIDAD HABITACIONAL BENITO JUAREZ,METRO TAXQUE?A - UNIDAD HABITACIONAL BENITO JUAREZ,20.633785641260474,2,M09-2494-1;M09-2494-2,2022-09-02,M09,unknown,no_verificado,no_verificado,,,,Trazo histórico: no implica operación vigente ni tecnología actual
M09-2505,12,SECCION 10 METRO SAN ANDRES,SECCION 10 METRO SAN ANDRES,9.721026495282029,2,M09-2505-1;M09-2505-2,2022-09-02,M09,unknown,no_verificado,no_verificado,,,,Trazo histórico: no implica operación vigente ni tecnología actual
M09-2516,12,TAXQUE?A - CHEROKEES,TAXQUE?A - CHEROKEES,19.136881474169,2,M09-2516-1;M09-2516-2,2022-09-02,M09,unknown,no_verificado,no_verificado,,,,Trazo histórico: no implica operación vigente ni tecnología actual
M09-2527,12,TAXQUE?A - SECTOR PILOTO,Sector Piloto  Taxque?a,14.012113481565748,2,M09-2527-1;M09-2527-2,2022-09-02,M09,unknown,no_verificado,no_verificado,,,,Trazo histórico: no implica operación vigente ni tecnología actual
M09-2538,12,TAXQUE?A - UAM,UAM  Taxque?a,20.103518877137983,2,M09-2538-1;M09-2538-2,2022-09-02,M09,unknown,no_verificado,no_verificado,,,,Trazo histórico: no implica operación vigente ni tecnología actual
M09-2549,12,JUST METRO TAXQUE?A - CULHUACAN AMPLIACION,METRO TAXQUE?A - CULHUACAN AMPLIACION,5.477356873370468,1,M09-2549-1,2022-09-02,M09,unknown,no_verificado,no_verificado,,,,Trazo histórico: no implica operación vigente ni tecnología actual
M09-2558,12,PRADO METRO TAXQUE?A - PROGRESO DEL SUR,METRO TAXQUE?A - PROGRESO DEL SUR,4.804908051406831,1,M09-2558-1,2022-09-02,M09,unknown,no_verificado,no_verificado,,,,Trazo histórico: no implica operación vigente ni tecnología actual
M09-2567,12,"PRADO METRO TAXQUE?A - P. CHURUBUSCO, G. MODELO","METRO TAXQUE?A - P. CHURUBUSCO, G. MODELO",5.884086079586803,1,M09-2567-1,2022-09-02,M09,unknown,no_verificado,no_verificado,,,,Trazo histórico: no implica operación vigente ni tecnología actual
M09-2576,12,PRADO METRO TAXQUE?A - SANTA ISABEL INDUSTRIAL,"RUTA 12


PARTIENDO DE SU BASE INICIAL EN EL PARADERO NORTE DEL METRO TAXQUE?A, DER. CANAL DE MIRAMONTES, IZQ. VUELTA EN ""U"" A LA ALTURA DE CALZ. TAXQUE?A - CANAL DE MIRAMONTES, DER. CERRO DE LAS TORRES, DER. OSA MENOR, IZQ. LA VIGA, DER. CAMPESINOS, IZQ",5.685909938545769,1,M09-2576-1,2022-09-02,M09,unknown,no_verificado,no_verificado,,,,Trazo histórico: no implica operación vigente ni tecnología actual
M09-2585,13,HUIPULCO PEDREGAL CARRASCO VILLA PANAMERICANA,,13.545039272635181,2,M09-2585-1;M09-2585-2,2022-09-02,M09,unknown,no_verificado,no_verificado,,,,Trazo histórico: no implica operación vigente ni tecnología actual
M09-2596,13,TAXQUE?A AJUSCO IMAN,,20.31933904352586,2,M09-2596-1;M09-2596-2,2022-09-02,M09,unknown,no_verificado,no_verificado,,,,Trazo histórico: no implica operación vigente ni tecnología actual
M09-2607,13,TAXQUE?A IMAN DIRECTO,,16.23091582541266,2,M09-2607-1;M09-2607-2,2022-09-02,M09,unknown,no_verificado,no_verificado,,,,Trazo histórico: no implica operación vigente ni tecnología actual
M09-2618,14,MERCED - UNIDAD INFONAVIT TULYEHUALCO,,21.74075396955655,1,M09-2618-1,2022-09-02,M09,unknown,no_verificado,no_verificado,,,,Trazo histórico: no implica operación vigente ni tecnología actual
M09-2627,15,METRO OBSERVATORIO OLIVAR DEL CONDE,METRO OBSERVATORIO - OLIVAR DEL CONDE,13.136269859403987,2,M09-2627-1;M09-2627-2,2022-09-02,M09,unknown,no_verificado,no_verificado,,,,Trazo histórico: no implica operación vigente ni tecnología actual
M09-2638,15,MIXCOAC - PANTEON JARDIN,MIXCOAC - PANTEON JARDIN,12.08746990790745,2,M09-2638-1;M09-2638-2,2022-09-02,M09,unknown,no_verificado,no_verificado,,,,Trazo histórico: no implica operación vigente ni tecnología actual
M09-2649,15,MIXCOAC - PILOTO,MIXCOAC - PILOTO,11.86779647756254,2,M09-2649-1;M09-2649-2,2022-09-02,M09,unknown,no_verificado,no_verificado,,,,Trazo histórico: no implica operación vigente ni tecnología actual
M09-2660,15,MIXCOAC - PRESIDENTES CIERRE DE CIRCUITO,PRESIDENTES - MIXCOAC,15.37289270658472,2,M09-2660-1;M09-2660-2,2022-09-02,M09,unknown,no_verificado,no_verificado,,,,Trazo histórico: no implica operación vigente ni tecnología actual
M09-2671,15,MIXCOAC - SANTA LUCIA,SANTA LUCIA - MIXCOAC,18.349504455978256,2,M09-2671-1;M09-2671-2,2022-09-02,M09,unknown,no_verificado,no_verificado,,,,Trazo histórico: no implica operación vigente ni tecnología actual
M09-2682,15,OLIVAR DEL CONDE - SAN ?NGEL,OLIVAR DEL CONDE - SAN ?NGEL,15.910729347034144,2,M09-2682-1;M09-2682-2,2022-09-02,M09,unknown,no_verificado,no_verificado,,,,Trazo histórico: no implica operación vigente ni tecnología actual
M09-2693,16,METRO VIVERO - POPOULAR SANTA TERESA,,24.956491611425285,2,M09-2693-1;M09-2693-2,2022-09-02,M09,unknown,no_verificado,no_verificado,,,,Trazo histórico: no implica operación vigente ni tecnología actual
M09-2704,17,TACUBA CASETA DE POLICIA,,8.43357130571944,2,M09-2704-1;M09-2704-2,2022-09-02,M09,unknown,no_verificado,no_verificado,,,,Trazo histórico: no implica operación vigente ni tecnología actual
M09-2715,17,TACUBA LOS REMEDIOS,,8.43357130571944,2,M09-2715-1;M09-2715-2,2022-09-02,M09,unknown,no_verificado,no_verificado,,,,Trazo histórico: no implica operación vigente ni tecnología actual
M09-2726,17,TACUBA MONUMENTO A LAS MADRES,,12.083079058785993,2,M09-2726-1;M09-2726-2,2022-09-02,M09,unknown,no_verificado,no_verificado,,,,Trazo histórico: no implica operación vigente ni tecnología actual
M09-2737,17,TACUBA PENSIL M?XICO NUEVO,,7.564079643234296,2,M09-2737-1;M09-2737-2,2022-09-02,M09,unknown,no_verificado,no_verificado,,,,Trazo histórico: no implica operación vigente ni tecnología actual
M09-2748,17,TACUBA ROSARIO TLALNEPANTLA,,13.669572526559179,2,M09-2748-1;M09-2748-2,2022-09-02,M09,unknown,no_verificado,no_verificado,,,,Trazo histórico: no implica operación vigente ni tecnología actual
M09-2759,17,TACUBA SATELITE VISTA HERMOSA,,8.43357130571944,2,M09-2759-1;M09-2759-2,2022-09-02,M09,unknown,no_verificado,no_verificado,,,,Trazo histórico: no implica operación vigente ni tecnología actual
M09-2770,17,TACUBA SAT?LITE ARBOLEDAS,,8.43357130571944,2,M09-2770-1;M09-2770-2,2022-09-02,M09,unknown,no_verificado,no_verificado,,,,Trazo histórico: no implica operación vigente ni tecnología actual
M09-2781,17,ZACATE METRO HIDALGO,,20.407192098399097,2,M09-2781-1;M09-2781-2,2022-09-02,M09,unknown,no_verificado,no_verificado,,,,Trazo histórico: no implica operación vigente ni tecnología actual
M09-2792,18,METRO BASILICA R1,,28.055662535145835,2,M09-2792-1;M09-2792-2,2022-09-02,M09,unknown,no_verificado,no_verificado,,,,Trazo histórico: no implica operación vigente ni tecnología actual
M09-2803,18,FERROPLAZA LA BRECHA,,25.032312708248003,2,M09-2803-1;M09-2803-2,2022-09-02,M09,unknown,no_verificado,no_verificado,,,,Trazo histórico: no implica operación vigente ni tecnología actual
M09-2814,18,METRO BASILICA VALLE DE GUADALUPE,,18.085260167750757,2,M09-2814-1;M09-2814-2,2022-09-02,M09,unknown,no_verificado,no_verificado,,,,Trazo histórico: no implica operación vigente ni tecnología actual
M09-2825,18,METRO BASILICA LA PRESA,,16.667966707273234,2,M09-2825-1;M09-2825-2,2022-09-02,M09,unknown,no_verificado,no_verificado,,,,Trazo histórico: no implica operación vigente ni tecnología actual
M09-2836,18,METRO BASILICA LA PRESA,,25.63928847665626,2,M09-2836-1;M09-2836-2,2022-09-02,M09,unknown,no_verificado,no_verificado,,,,Trazo histórico: no implica operación vigente ni tecnología actual
M09-2847,18,METRO INDIOS VERDES RECLUSORIO NORTE,,30.457776138943192,2,M09-2847-1;M09-2847-2,2022-09-02,M09,unknown,no_verificado,no_verificado,,,,Trazo histórico: no implica operación vigente ni tecnología actual
M09-2858,18,AMPLIACIÓN GABRIEL HERNANDEZ ZOCALO,,22.864630824310705,2,M09-2858-1;M09-2858-2,2022-09-02,M09,unknown,no_verificado,no_verificado,,,,Trazo histórico: no implica operación vigente ni tecnología actual
M09-2869,18,METRO BASILICA UNIDAD C.T.M.,,13.486893503429002,2,M09-2869-1;M09-2869-2,2022-09-02,M09,unknown,no_verificado,no_verificado,,,,Trazo histórico: no implica operación vigente ni tecnología actual
M09-2880,18,METRO BASILICA AMPLIACIÓN GABRIEL HERNÁNDEZ,,14.658773278350854,2,M09-2880-1;M09-2880-2,2022-09-02,M09,unknown,no_verificado,no_verificado,,,,Trazo histórico: no implica operación vigente ni tecnología actual
M09-2891,18,METRO BASILICA MARAVILLA,,17.542174889835888,2,M09-2891-1;M09-2891-2,2022-09-02,M09,unknown,no_verificado,no_verificado,,,,Trazo histórico: no implica operación vigente ni tecnología actual
M09-2902,18,METRO TLATELOLCO ALTA VILLA,,19.39050230085074,2,M09-2902-1;M09-2902-2,2022-09-02,M09,unknown,no_verificado,no_verificado,,,,Trazo histórico: no implica operación vigente ni tecnología actual
M09-2913,18,MERCED MONTE NEGRO,,22.210488387916325,2,M09-2913-1;M09-2913-2,2022-09-02,M09,unknown,no_verificado,no_verificado,,,,Trazo histórico: no implica operación vigente ni tecnología actual
M09-2924,18,METRO BASILICA SAN AGUSTIN,,12.912621146575345,2,M09-2924-1;M09-2924-2,2022-09-02,M09,unknown,no_verificado,no_verificado,,,,Trazo histórico: no implica operación vigente ni tecnología actual
M09-2935,18,METRO BASILICA R1,,16.855562209564564,2,M09-2935-1;M09-2935-2,2022-09-02,M09,unknown,no_verificado,no_verificado,,,,Trazo histórico: no implica operación vigente ni tecnología actual
M09-2946,18,LA VILLA MERCED,,19.010327860003226,2,M09-2946-1;M09-2946-2,2022-09-02,M09,unknown,no_verificado,no_verificado,,,,Trazo histórico: no implica operación vigente ni tecnología actual
M09-2957,18,LA VILLA MERCED (CONGRESO),,19.61224122938346,2,M09-2957-1;M09-2957-2,2022-09-02,M09,unknown,no_verificado,no_verificado,,,,Trazo histórico: no implica operación vigente ni tecnología actual
M09-2968,18,INDIOS VERDES CUAHUTEPEC,,20.533725993130574,2,M09-2968-1;M09-2968-2,2022-09-02,M09,unknown,no_verificado,no_verificado,,,,Trazo histórico: no implica operación vigente ni tecnología actual
M09-2979,18,METRO INDIOS VERDES LA PRESA,,11.640307130223752,2,M09-2979-1;M09-2979-2,2022-09-02,M09,unknown,no_verificado,no_verificado,,,,Trazo histórico: no implica operación vigente ni tecnología actual
M09-2990,18,NUEVA ATZACOALCO ZOCALO,,25.685350409147695,2,M09-2990-1;M09-2990-2,2022-09-02,M09,unknown,no_verificado,no_verificado,,,,Trazo histórico: no implica operación vigente ni tecnología actual
M09-3001,18,METROS INDIOS VERDES CIUDAD AZTECA,,7.350240094633413,2,M09-3001-1;M09-3001-2,2022-09-02,M09,unknown,no_verificado,no_verificado,,,,Trazo histórico: no implica operación vigente ni tecnología actual
M09-3012,18,UNIDAD EL OYOL ZOCALO,,25.557252769719714,2,M09-3012-1;M09-3012-2,2022-09-02,M09,unknown,no_verificado,no_verificado,,,,Trazo histórico: no implica operación vigente ni tecnología actual
M09-3023,18,INDUSTRIAL VALLEJO SAN FELIPE DE JESUS,,32.69107755222467,2,M09-3023-1;M09-3023-2,2022-09-02,M09,unknown,no_verificado,no_verificado,,,,Trazo histórico: no implica operación vigente ni tecnología actual
M09-3034,18,METRO BASILICA FELIPE DE JESUS,,18.125864062613775,2,M09-3034-1;M09-3034-2,2022-09-02,M09,unknown,no_verificado,no_verificado,,,,Trazo histórico: no implica operación vigente ni tecnología actual
M09-3045,18,METRO BASILICA CAMPESTRE ARAGON,,17.89403609098342,2,M09-3045-1;M09-3045-2,2022-09-02,M09,unknown,no_verificado,no_verificado,,,,Trazo histórico: no implica operación vigente ni tecnología actual
M09-3056,18,METRO BASILICA CASAS ALEMAN,,17.84357505650383,2,M09-3056-1;M09-3056-2,2022-09-02,M09,unknown,no_verificado,no_verificado,,,,Trazo histórico: no implica operación vigente ni tecnología actual
M09-3067,18,METRO BASILICA HOTEL ECATEPEC,,18.173598969467132,2,M09-3067-1;M09-3067-2,2022-09-02,M09,unknown,no_verificado,no_verificado,,,,Trazo histórico: no implica operación vigente ni tecnología actual
M09-3078,18,TEPITO CERRO GORDO,,18.72839338575819,2,M09-3078-1;M09-3078-2,2022-09-02,M09,unknown,no_verificado,no_verificado,,,,Trazo histórico: no implica operación vigente ni tecnología actual
M09-3089,18,METRO INDIOS VERDES AMPLIACION FORESTAL,,20.989546898460333,2,M09-3089-1;M09-3089-2,2022-09-02,M09,unknown,no_verificado,no_verificado,,,,Trazo histórico: no implica operación vigente ni tecnología actual
M09-3100,18,MERCED ARAGON DE LAS FUENTES,,22.23255652299109,2,M09-3100-1;M09-3100-2,2022-09-02,M09,unknown,no_verificado,no_verificado,,,,Trazo histórico: no implica operación vigente ni tecnología actual
M09-3111,18,METRO MARTIN CARRERA SAN AGUSTIN,,7.4685815518480645,2,M09-3111-1;M09-3111-2,2022-09-02,M09,unknown,no_verificado,no_verificado,,,,Trazo histórico: no implica operación vigente ni tecnología actual
M09-3122,18,FERROPLAZA ARBOLEDAS DE CUAHUTEPEC,,24.399373172910856,2,M09-3122-1;M09-3122-2,2022-09-02,M09,unknown,no_verificado,no_verificado,,,,Trazo histórico: no implica operación vigente ni tecnología actual
M09-3133,18,METRO INDIOS VERDES COL. COCOYOTES,,17.62006251195979,2,M09-3133-1;M09-3133-2,2022-09-02,M09,unknown,no_verificado,no_verificado,,,,Trazo histórico: no implica operación vigente ni tecnología actual
M09-3144,18,FERROPLAZA COL. COCOYOTES,,23.263890511516156,2,M09-3144-1;M09-3144-2,2022-09-02,M09,unknown,no_verificado,no_verificado,,,,Trazo histórico: no implica operación vigente ni tecnología actual
M09-3155,18,FERROPLAZA LA PASTORA,,17.579398697227653,2,M09-3155-1;M09-3155-2,2022-09-02,M09,unknown,no_verificado,no_verificado,,,,Trazo histórico: no implica operación vigente ni tecnología actual
M09-3166,18,METRO INDIOS VERDES ARBOLEDAS DE CUAHUTEPEC,,20.167037873675014,2,M09-3166-1;M09-3166-2,2022-09-02,M09,unknown,no_verificado,no_verificado,,,,Trazo histórico: no implica operación vigente ni tecnología actual
M09-3177,18,FERROPLAZA FORESTAL LAURELES,,25.939114970044805,2,M09-3177-1;M09-3177-2,2022-09-02,M09,unknown,no_verificado,no_verificado,,,,Trazo histórico: no implica operación vigente ni tecnología actual
M09-3188,18,FERROPLAZA FORESTAL POR LUCHA REYES,,25.301393393302956,2,M09-3188-1;M09-3188-2,2022-09-02,M09,unknown,no_verificado,no_verificado,,,,Trazo histórico: no implica operación vigente ni tecnología actual
M09-3199,18,FERROPLAZA PARQUE METROPOLITANO,,25.03431611600423,2,M09-3199-1;M09-3199-2,2022-09-02,M09,unknown,no_verificado,no_verificado,,,,Trazo histórico: no implica operación vigente ni tecnología actual
M09-3210,18,FERROPLAZA CUAHUTEPEC LOMAS,,26.929872757549166,2,M09-3210-1;M09-3210-2,2022-09-02,M09,unknown,no_verificado,no_verificado,,,,Trazo histórico: no implica operación vigente ni tecnología actual
M09-3221,18,FERROPLAZA LOMAS CUAHUTEPEC (TECNOL?GICO),,28.309274769756477,2,M09-3221-1;M09-3221-2,2022-09-02,M09,unknown,no_verificado,no_verificado,,,,Trazo histórico: no implica operación vigente ni tecnología actual
M09-3232,18,UNIDAD C.T.M METRO CARRERA/BASILICA,,15.723574662693437,2,M09-3232-1;M09-3232-2,2022-09-02,M09,unknown,no_verificado,no_verificado,,,,Trazo histórico: no implica operación vigente ni tecnología actual
M09-3243,18,METRO BASILICA METRO CARRERA(GABRIEL HERNANDEZ),,15.31186635174408,2,M09-3243-1;M09-3243-2,2022-09-02,M09,unknown,no_verificado,no_verificado,,,,Trazo histórico: no implica operación vigente ni tecnología actual
M09-3254,18,LA VILLA LAGUNILLA/TEPITO,,19.83430525768538,2,M09-3254-1;M09-3254-2,2022-09-02,M09,unknown,no_verificado,no_verificado,,,,Trazo histórico: no implica operación vigente ni tecnología actual
M09-3265,18,INDUSTRIAL VALLEJO COL. MARTIN CARRERA,,31.066741983102276,2,M09-3265-1;M09-3265-2,2022-09-02,M09,unknown,no_verificado,no_verificado,,,,Trazo histórico: no implica operación vigente ni tecnología actual
M09-3276,18,INDUSTRIAL VALLEJO (OLIVETTI) SAN FELIPE,,31.76421570309413,2,M09-3276-1;M09-3276-2,2022-09-02,M09,unknown,no_verificado,no_verificado,,,,Trazo histórico: no implica operación vigente ni tecnología actual
M09-3287,18,METRO LINDAVISTA VALLE DE GUADALUPE (POLI),,21.10388302357585,2,M09-3287-1;M09-3287-2,2022-09-02,M09,unknown,no_verificado,no_verificado,,,,Trazo histórico: no implica operación vigente ni tecnología actual
M09-3298,18,METRO LINDAVISTA HOTEL ECATEPEC (RIO BAMBA),,48.50275548364916,2,M09-3298-1;M09-3298-2,2022-09-02,M09,unknown,no_verificado,no_verificado,,,,Trazo histórico: no implica operación vigente ni tecnología actual
M09-3309,18,LA VILLA MERCED (PINO SUAREZ),,18.9333687462397,2,M09-3309-1;M09-3309-2,2022-09-02,M09,unknown,no_verificado,no_verificado,,,,Trazo histórico: no implica operación vigente ni tecnología actual
M09-3320,18,LA VIILA COMERCIAL MEXICANA(ARAGON),,17.217297099774267,2,M09-3320-1;M09-3320-2,2022-09-02,M09,unknown,no_verificado,no_verificado,,,,Trazo histórico: no implica operación vigente ni tecnología actual
M09-3331,18,METRO CARRERA IMPULSORA,,11.946276070988898,2,M09-3331-1;M09-3331-2,2022-09-02,M09,unknown,no_verificado,no_verificado,,,,Trazo histórico: no implica operación vigente ni tecnología actual
M09-3342,18,LA VILLA IMPULSORA,,15.930901496658935,2,M09-3342-1;M09-3342-2,2022-09-02,M09,unknown,no_verificado,no_verificado,,,,Trazo histórico: no implica operación vigente ni tecnología actual
M09-3353,18,MERCED IMPULSORA,,27.37728848621618,2,M09-3353-1;M09-3353-2,2022-09-02,M09,unknown,no_verificado,no_verificado,,,,Trazo histórico: no implica operación vigente ni tecnología actual
M09-3364,18,TEPITO ARAGON DE LAS FUENTES,,34.098005949603944,2,M09-3364-1;M09-3364-2,2022-09-02,M09,unknown,no_verificado,no_verificado,,,,Trazo histórico: no implica operación vigente ni tecnología actual
M09-3375,18,TEPITO PUENTE NEGRO,,18.50672382461009,2,M09-3375-1;M09-3375-2,2022-09-02,M09,unknown,no_verificado,no_verificado,,,,Trazo histórico: no implica operación vigente ni tecnología actual
M09-3386,18,METRO BASILICA LA PRESA,,16.883092848715375,2,M09-3386-1;M09-3386-2,2022-09-02,M09,unknown,no_verificado,no_verificado,,,,Trazo histórico: no implica operación vigente ni tecnología actual
M09-3397,18,PINO SUAREZ MARTIN CARRERA,,22.12334079666753,2,M09-3397-1;M09-3397-2,2022-09-02,M09,unknown,no_verificado,no_verificado,,,,Trazo histórico: no implica operación vigente ni tecnología actual
M09-3408,18,GABRIEL HERNANDEZ PINO SUAREZ,,27.194923867095998,2,M09-3408-1;M09-3408-2,2022-09-02,M09,unknown,no_verificado,no_verificado,,,,Trazo histórico: no implica operación vigente ni tecnología actual
M09-3419,18,LA VILLA CAMPESTRE GUADALUPANA,,22.885395578403806,2,M09-3419-1;M09-3419-2,2022-09-02,M09,unknown,no_verificado,no_verificado,,,,Trazo histórico: no implica operación vigente ni tecnología actual
M09-3430,18,BASILICA IMPULSORA,,19.81599729617904,2,M09-3430-1;M09-3430-2,2022-09-02,M09,unknown,no_verificado,no_verificado,,,,Trazo histórico: no implica operación vigente ni tecnología actual
M09-3441,18,METRO INDIOS VERDES LOMAS DE CUAHUTEPEC (JUVE ROSAS),,22.8260396157338,2,M09-3441-1;M09-3441-2,2022-09-02,M09,unknown,no_verificado,no_verificado,,,,Trazo histórico: no implica operación vigente ni tecnología actual
M09-3452,18,METRO INDIOS VERDES LA BRECHA (TLALPEXO),,19.241322217252215,2,M09-3452-1;M09-3452-2,2022-09-02,M09,unknown,no_verificado,no_verificado,,,,Trazo histórico: no implica operación vigente ni tecnología actual
M09-3463,18,NUEVA ATZACOALCO PINO SUAREZ,,29.971595022874666,2,M09-3463-1;M09-3463-2,2022-09-02,M09,unknown,no_verificado,no_verificado,,,,Trazo histórico: no implica operación vigente ni tecnología actual
M09-3474,18,METRO INDIOS VERDES JARDINES RIO DE LUZ,,29.43205748530337,2,M09-3474-1;M09-3474-2,2022-09-02,M09,unknown,no_verificado,no_verificado,,,,Trazo histórico: no implica operación vigente ni tecnología actual
M09-3485,18,METRO INDIOS VERDES JARDINES DE CERRO,,29.443305854116982,2,M09-3485-1;M09-3485-2,2022-09-02,M09,unknown,no_verificado,no_verificado,,,,Trazo histórico: no implica operación vigente ni tecnología actual
M09-3496,18,METRO INDIOS VERDES AZTECA (FLORIDA),,15.451232786354668,2,M09-3496-1;M09-3496-2,2022-09-02,M09,unknown,no_verificado,no_verificado,,,,Trazo histórico: no implica operación vigente ni tecnología actual
M09-3507,18,METRO INDIOS VERDES AZTECA 3A SECCION,,19.707662490113297,2,M09-3507-1;M09-3507-2,2022-09-02,M09,unknown,no_verificado,no_verificado,,,,Trazo histórico: no implica operación vigente ni tecnología actual
M09-3518,18,METRO LINDAVISTA MARAVILLAS (POLI),,22.53555367759578,2,M09-3518-1;M09-3518-2,2022-09-02,M09,unknown,no_verificado,no_verificado,,,,Trazo histórico: no implica operación vigente ni tecnología actual
M09-3529,18,METRO TLATELOLCO MARINA NACIONAL,,26.891592327468054,2,M09-3529-1;M09-3529-2,2022-09-02,M09,unknown,no_verificado,no_verificado,,,,Trazo histórico: no implica operación vigente ni tecnología actual
M09-3540,18,METRO TLATELOLCO ALTAVILLA (LAGUNA),,19.86116028771336,2,M09-3540-1;M09-3540-2,2022-09-02,M09,unknown,no_verificado,no_verificado,,,,Trazo histórico: no implica operación vigente ni tecnología actual
M09-3551,18,MERCED CERRO GORDO,,22.98979709864917,2,M09-3551-1;M09-3551-2,2022-09-02,M09,unknown,no_verificado,no_verificado,,,,Trazo histórico: no implica operación vigente ni tecnología actual
M09-3562,18,BASILICA SAN FELIPE VALLE DE ARAGON,,18.49893151383179,2,M09-3562-1;M09-3562-2,2022-09-02,M09,unknown,no_verificado,no_verificado,,,,Trazo histórico: no implica operación vigente ni tecnología actual
M09-3573,18,METRO INDIOS VERDES COMPOSITORES MEXICANOS,,27.684270465837827,2,M09-3573-1;M09-3573-2,2022-09-02,M09,unknown,no_verificado,no_verificado,,,,Trazo histórico: no implica operación vigente ni tecnología actual
M09-3584,18,METRO INDIOS VERDES TEPETATAL (TECNOL.),,29.8815720229323,2,M09-3584-1;M09-3584-2,2022-09-02,M09,unknown,no_verificado,no_verificado,,,,Trazo histórico: no implica operación vigente ni tecnología actual
M09-3595,18,"METRO INDIOS VERDES CUAHUTEPEC, FORESTAL",,22.304519639589518,2,M09-3595-1;M09-3595-2,2022-09-02,M09,unknown,no_verificado,no_verificado,,,,Trazo histórico: no implica operación vigente ni tecnología actual
M09-3606,18,METRO INDIOS VERDES TEPETATAL CUAHUTEPEC,,26.430266823626006,2,M09-3606-1;M09-3606-2,2022-09-02,M09,unknown,no_verificado,no_verificado,,,,Trazo histórico: no implica operación vigente ni tecnología actual
M09-3617,18,METRO INDIOS VERDES LOMA LA PALMA,,24.129440820016097,2,M09-3617-1;M09-3617-2,2022-09-02,M09,unknown,no_verificado,no_verificado,,,,Trazo histórico: no implica operación vigente ni tecnología actual
M09-3628,18,METRO INDIOS VERDES EL CARMEN,,20.794191962222683,2,M09-3628-1;M09-3628-2,2022-09-02,M09,unknown,no_verificado,no_verificado,,,,Trazo histórico: no implica operación vigente ni tecnología actual
M09-3639,18,LA VILLA TEPETATAL (TECNOLOGICO),,27.403519949364885,2,M09-3639-1;M09-3639-2,2022-09-02,M09,unknown,no_verificado,no_verificado,,,,Trazo histórico: no implica operación vigente ni tecnología actual
M09-3650,18,METRO INDIOS VERDES LA PASTORA,,18.461396212347886,2,M09-3650-1;M09-3650-2,2022-09-02,M09,unknown,no_verificado,no_verificado,,,,Trazo histórico: no implica operación vigente ni tecnología actual
M09-3661,18,METRO INDIOS VERDES LOMAS DE CUAHUTEPEC,,27.04996258133059,2,M09-3661-1;M09-3661-2,2022-09-02,M09,unknown,no_verificado,no_verificado,,,,Trazo histórico: no implica operación vigente ni tecnología actual
M09-3672,18,METRO INDIOS VERDES PARQUE METROPOLITANO,,25.887592547489906,2,M09-3672-1;M09-3672-2,2022-09-02,M09,unknown,no_verificado,no_verificado,,,,Trazo histórico: no implica operación vigente ni tecnología actual
M09-3683,18,FERROPLAZA CIRCUITO UNIDADES DEL ARBOLILLO,,21.254689906471537,2,M09-3683-1;M09-3683-2,2022-09-02,M09,unknown,no_verificado,no_verificado,,,,Trazo histórico: no implica operación vigente ni tecnología actual
M09-3694,18,LA VILLA CUAHUTEPEC EL CARMEN,,20.723699834459048,2,M09-3694-1;M09-3694-2,2022-09-02,M09,unknown,no_verificado,no_verificado,,,,Trazo histórico: no implica operación vigente ni tecnología actual
M09-3705,18,LA VILLA LOMA LA PALMA (CHARCO),,25.853369460512972,2,M09-3705-1;M09-3705-2,2022-09-02,M09,unknown,no_verificado,no_verificado,,,,Trazo histórico: no implica operación vigente ni tecnología actual
M09-3716,18,LA VILLA CHALMA(RECLUSORIO NORTE),,22.742821091698385,2,M09-3716-1;M09-3716-2,2022-09-02,M09,unknown,no_verificado,no_verificado,,,,Trazo histórico: no implica operación vigente ni tecnología actual
M09-3727,18,METRO LA VILLA CASAS ALEMAN,,18.35392651011782,2,M09-3727-1;M09-3727-2,2022-09-02,M09,unknown,no_verificado,no_verificado,,,,Trazo histórico: no implica operación vigente ni tecnología actual
M09-3738,18,METRO BASILICA SAN FELIPE DE JESUS,,18.440740475301354,2,M09-3738-1;M09-3738-2,2022-09-02,M09,unknown,no_verificado,no_verificado,,,,Trazo histórico: no implica operación vigente ni tecnología actual
M09-3749,18,METRO LA VILLA SAN FELIPE,,18.07589565718957,2,M09-3749-1;M09-3749-2,2022-09-02,M09,unknown,no_verificado,no_verificado,,,,Trazo histórico: no implica operación vigente ni tecnología actual
M09-3760,18,FERROPLAZA CUAHUTEPEC EL ALTO,,22.853947443236088,2,M09-3760-1;M09-3760-2,2022-09-02,M09,unknown,no_verificado,no_verificado,,,,Trazo histórico: no implica operación vigente ni tecnología actual
M09-3771,19,CALZ. ZARAGOZA - UH FIVIPOR,,7.697923678854904,2,M09-3771-1;M09-3771-2,2022-09-02,M09,unknown,no_verificado,no_verificado,,,,Trazo histórico: no implica operación vigente ni tecnología actual
M09-3782,19,CETIS 51 ? ARENAL ? PANTITLAN  YO TENGO VOCA 5 - ARENAL CC,,20.2642432663184,2,M09-3782-1;M09-3782-2,2022-09-02,M09,unknown,no_verificado,no_verificado,,,,Trazo histórico: no implica operación vigente ni tecnología actual
M09-3793,19,COL. PUEBLA CALLE 87 - METRO TACUBAYA POR VIADUCTO,,25.306400556073363,2,M09-3793-1;M09-3793-2,2022-09-02,M09,unknown,no_verificado,no_verificado,,,,Trazo histórico: no implica operación vigente ni tecnología actual
M09-3804,19,COL. PUEBLA - TACUBAYA POR EJE 3 SUR,,26.1751231921621,2,M09-3804-1;M09-3804-2,2022-09-02,M09,unknown,no_verificado,no_verificado,,,,Trazo histórico: no implica operación vigente ni tecnología actual
M09-3815,19,METRO PANTITLAN - ARENAL 3A SECCION BOMBAS,,13.992921563928384,2,M09-3815-1;M09-3815-2,2022-09-02,M09,unknown,no_verificado,no_verificado,,,,Trazo histórico: no implica operación vigente ni tecnología actual
M09-3826,19,METRO PANTITLAN - COL. U H FIVIPOR,,10.524530573657092,2,M09-3826-1;M09-3826-2,2022-09-02,M09,unknown,no_verificado,no_verificado,,,,Trazo histórico: no implica operación vigente ni tecnología actual
M09-3837,19,METRO PANTITLAN - TACUBAYA POR EJE 3 SUR,,29.542725269689925,2,M09-3837-1;M09-3837-2,2022-09-02,M09,unknown,no_verificado,no_verificado,,,,Trazo histórico: no implica operación vigente ni tecnología actual
M09-3848,19,METRO ZARAGOZA - ARENAL 4A SECCION,,12.96061573891576,2,M09-3848-1;M09-3848-2,2022-09-02,M09,unknown,no_verificado,no_verificado,,,,Trazo histórico: no implica operación vigente ni tecnología actual
M09-3859,19,TACUBAYA - PANTITLAN ORDINARIO,,29.86965300356006,2,M09-3859-1;M09-3859-2,2022-09-02,M09,unknown,no_verificado,no_verificado,,,,Trazo histórico: no implica operación vigente ni tecnología actual
M09-3870,19,TACUBAYA - PANTITL?N EXPRESO,,28.904019339053303,2,M09-3870-1;M09-3870-2,2022-09-02,M09,unknown,no_verificado,no_verificado,,,,Trazo histórico: no implica operación vigente ni tecnología actual
M09-3881,2,AZCAPOTZALCO - LA RAZA,LA RAZA - AZCAPOTZALCO,13.833713931980437,2,M09-3881-1;M09-3881-2,2022-09-02,M09,unknown,no_verificado,no_verificado,,,,Trazo histórico: no implica operación vigente ni tecnología actual
M09-3892,2,AUDITORIO PALMAS MONTA?AS ROCALLOSAS,"palmas -  Monta?as Rocallosas cc
CIERRE DE CIRCUITO EN AMBOS SENTIDOS",10.664243902890062,2,M09-3892-1;M09-3892-2,2022-09-02,M09,unknown,no_verificado,no_verificado,,,,Trazo histórico: no implica operación vigente ni tecnología actual
M09-3903,2,CHAPULTEPEC DEFENSA NACIONAL,,14.558285997586365,2,M09-3903-1;M09-3903-2,2022-09-02,M09,unknown,no_verificado,no_verificado,,,,Trazo histórico: no implica operación vigente ni tecnología actual
M09-3914,2,CHAPULTEPEC - HORACIO / JUZGADOS,"HORACIO CHAPULTEPEC
Cierre de Circuito Juzgados",10.741383368546222,2,M09-3914-1;M09-3914-2,2022-09-02,M09,unknown,no_verificado,no_verificado,,,,Trazo histórico: no implica operación vigente ni tecnología actual
M09-3925,2,GIGANTE CUITLAHUAC - CENTRO,CENTRO GIGANTE CUITLAHUAC,18.913481960529936,2,M09-3925-1;M09-3925-2,2022-09-02,M09,unknown,no_verificado,no_verificado,,,,Trazo histórico: no implica operación vigente ni tecnología actual
M09-3936,2,GIGANTE CUITL?HUAC ABRAHAM GONZALEZ Y/O GIGANTE CUITLAHUAC CENTRO,Gigante Cuitl?huac Abraham Gonzalez,18.91835607854764,2,M09-3936-1;M09-3936-2,2022-09-02,M09,unknown,no_verificado,no_verificado,,,,Trazo histórico: no implica operación vigente ni tecnología actual
M09-3947,2,GIGANTE CUITL?HUAC SAN COSME,Gigante Cuitl?huac San Cosme,12.138126221927735,2,M09-3947-1;M09-3947-2,2022-09-02,M09,unknown,no_verificado,no_verificado,,,,Trazo histórico: no implica operación vigente ni tecnología actual
M09-3958,2,INDIOS VERDES - DONCELES,,17.62033129026861,2,M09-3958-1;M09-3958-2,2022-09-02,M09,unknown,no_verificado,no_verificado,,,,Trazo histórico: no implica operación vigente ni tecnología actual
M09-3969,2,KILOM 13 PALMAS CC,Km 13 Plamas CC,12.111014618114895,2,M09-3969-1;M09-3969-2,2022-09-02,M09,unknown,no_verificado,no_verificado,,,,Trazo histórico: no implica operación vigente ni tecnología actual
M09-3980,2,LA RAZA - CEYLAN - DEL HIERRO,CEYLAN - LA RAZA,7.730573148804988,2,M09-3980-1;M09-3980-2,2022-09-02,M09,unknown,no_verificado,no_verificado,,,,Trazo histórico: no implica operación vigente ni tecnología actual
M09-3991,2,MUNICIPIO LIBRE - MIXOCAC Y/O PORTALES ERMITA MIXCOAC,,14.126481730127177,2,M09-3991-1;M09-3991-2,2022-09-02,M09,unknown,no_verificado,no_verificado,,,,Trazo histórico: no implica operación vigente ni tecnología actual
M09-4002,2,PRO HOGAR SAN COSME,Pro Hogar - San Cosme,13.124740308783174,2,M09-4002-1;M09-4002-2,2022-09-02,M09,unknown,no_verificado,no_verificado,,,,Trazo histórico: no implica operación vigente ni tecnología actual
M09-4013,2,SAN ISABEL TOLA - DONCELES,,20.352108194227316,2,M09-4013-1;M09-4013-2,2022-09-02,M09,unknown,no_verificado,no_verificado,,,,Trazo histórico: no implica operación vigente ni tecnología actual
M09-4024,2,SAN ANTONIO SEVILLA MAZARYK,Mazaryk Sevilla Tlalpan,18.383477886080282,2,M09-4024-1;M09-4024-2,2022-09-02,M09,unknown,no_verificado,no_verificado,,,,Trazo histórico: no implica operación vigente ni tecnología actual
M09-4035,2,SAN ANTONIO SEVILLA MAZARYK (#2),Mazaryk Sevilla Tlalpan,18.383477886080282,2,M09-4035-1;M09-4035-2,2022-09-02,M09,unknown,no_verificado,no_verificado,,,,Trazo histórico: no implica operación vigente ni tecnología actual
M09-4046,2,SEVILLA GIGANTE EJERCITO,Sevilla Gigante Ejercito,9.423932565052498,2,M09-4046-1;M09-4046-2,2022-09-02,M09,unknown,no_verificado,no_verificado,,,,Trazo histórico: no implica operación vigente ni tecnología actual
M09-4057,2,SEVILLA MAZARYK,Sevilla -  Mazaryk,9.566683195020211,2,M09-4057-1;M09-4057-2,2022-09-02,M09,unknown,no_verificado,no_verificado,,,,Trazo histórico: no implica operación vigente ni tecnología actual
M09-4068,2,SULLIVAN AZCAPOTZALCO,Sullivan Azcapotzalco,19.09508173181228,2,M09-4068-1;M09-4068-2,2022-09-02,M09,unknown,no_verificado,no_verificado,,,,Trazo histórico: no implica operación vigente ni tecnología actual
M09-4079,2,ERMITA - BARRANCA DEL MUERTO,,15.758231500925248,2,M09-4079-1;M09-4079-2,2022-09-02,M09,unknown,no_verificado,no_verificado,,,,Trazo histórico: no implica operación vigente ni tecnología actual
M09-4090,2,ERMITA - MIXCOAC Y/O PORTALES -CHARCO AZUL,,13.109076333702614,2,M09-4090-1;M09-4090-2,2022-09-02,M09,unknown,no_verificado,no_verificado,,,,Trazo histórico: no implica operación vigente ni tecnología actual
M09-4101,2,ERMITA - UNIDAD PLATEROS Y/O ZAPATA PLATEROS,,12.592160051118668,2,M09-4101-1;M09-4101-2,2022-09-02,M09,unknown,no_verificado,no_verificado,,,,Trazo histórico: no implica operación vigente ni tecnología actual
M09-4112,2,M INDIOS VERDES - UNIDAD CTM,,10.122899343045237,2,M09-4112-1;M09-4112-2,2022-09-02,M09,unknown,no_verificado,no_verificado,,,,Trazo histórico: no implica operación vigente ni tecnología actual
M09-4123,20,MILPA ALTA-SN PEDRO ATOCPAN,"ruta 20

PARTIENDO DE SU ZONA DE ASCENSO Y DESCENSO DE ORIGEN, DER. MICHOACAN, DER. SONORA NTE., IZQ. NUEVO LEON, DER. CAMINO A SAN PEDRO ATOCPAN CONTIN?A HIDALGO CONTIN?A ZARAGOZA, IZQ. AXAYACATL, IZQ. JUSTO SIERRA, HASTA SU ZONA DE ASCENSO Y DESCENSO D",9.089299861352545,2,M09-4123-1;M09-4123-2,2022-09-02,M09,unknown,no_verificado,no_verificado,,,,Trazo histórico: no implica operación vigente ni tecnología actual
M09-4134,20,NORIA-RECLUSORIO SUR,,6.80939833762781,2,M09-4134-1;M09-4134-2,2022-09-02,M09,unknown,no_verificado,no_verificado,,,,Trazo histórico: no implica operación vigente ni tecnología actual
M09-4145,20,NORIA-XOCHITEPEC,,12.030884073436297,2,M09-4145-1;M09-4145-2,2022-09-02,M09,unknown,no_verificado,no_verificado,,,,Trazo histórico: no implica operación vigente ni tecnología actual
M09-4156,20,RUTA 20,,4.494858458536566,2,M09-4156-1;M09-4156-2,2022-09-02,M09,unknown,no_verificado,no_verificado,,,,Trazo histórico: no implica operación vigente ni tecnología actual
M09-4167,20,SAN LORENZO- NATIVITAS,,7.911956962780667,2,M09-4167-1;M09-4167-2,2022-09-02,M09,unknown,no_verificado,no_verificado,,,,Trazo histórico: no implica operación vigente ni tecnología actual
M09-4178,20,XOCH-AMP.NATIVITAS,,10.639384750655747,2,M09-4178-1;M09-4178-2,2022-09-02,M09,unknown,no_verificado,no_verificado,,,,Trazo histórico: no implica operación vigente ni tecnología actual
M09-4189,20,XOCH-BARRIO 18,,10.522316556366878,2,M09-4189-1;M09-4189-2,2022-09-02,M09,unknown,no_verificado,no_verificado,,,,Trazo histórico: no implica operación vigente ni tecnología actual
M09-4200,20,XOCH-LA PE?ITA,,10.383483304319586,2,M09-4200-1;M09-4200-2,2022-09-02,M09,unknown,no_verificado,no_verificado,,,,Trazo histórico: no implica operación vigente ni tecnología actual
M09-4211,20,XOCH-LA SANTISIMA,,5.147469326090528,2,M09-4211-1;M09-4211-2,2022-09-02,M09,unknown,no_verificado,no_verificado,,,,Trazo histórico: no implica operación vigente ni tecnología actual
M09-4222,20,XOCH-MILPAALTA,RUTA 20,31.699678211733737,2,M09-4222-1;M09-4222-2,2022-09-02,M09,unknown,no_verificado,no_verificado,,,,Trazo histórico: no implica operación vigente ni tecnología actual
M09-4233,20,XOCH-RECLUSORIO SUR,,13.60251203411843,2,M09-4233-1;M09-4233-2,2022-09-02,M09,unknown,no_verificado,no_verificado,,,,Trazo histórico: no implica operación vigente ni tecnología actual
M09-4244,20,XOCH-SAN FRANCISCO,,21.378472038827304,2,M09-4244-1;M09-4244-2,2022-09-02,M09,unknown,no_verificado,no_verificado,,,,Trazo histórico: no implica operación vigente ni tecnología actual
M09-4255,20,XOCH-SANTIAGO TECALPATLALPA,,8.718999997584095,2,M09-4255-1;M09-4255-2,2022-09-02,M09,unknown,no_verificado,no_verificado,,,,Trazo histórico: no implica operación vigente ni tecnología actual
M09-4266,20,XOCH-STA CRUZ ACALPIXCA,,13.667047207769343,2,M09-4266-1;M09-4266-2,2022-09-02,M09,unknown,no_verificado,no_verificado,,,,Trazo histórico: no implica operación vigente ni tecnología actual
M09-4277,20,XOCH-TOPILEJO,,19.054601665750845,2,M09-4277-1;M09-4277-2,2022-09-02,M09,unknown,no_verificado,no_verificado,,,,Trazo histórico: no implica operación vigente ni tecnología actual
M09-4288,20,XOCH-TULYEHUALCO,rUTA 20,26.744489150606817,2,M09-4288-1;M09-4288-2,2022-09-02,M09,unknown,no_verificado,no_verificado,,,,Trazo histórico: no implica operación vigente ni tecnología actual
M09-4299,20,XOCH-XOCHITEPEC,,13.520232355742312,2,M09-4299-1;M09-4299-2,2022-09-02,M09,unknown,no_verificado,no_verificado,,,,Trazo histórico: no implica operación vigente ni tecnología actual
M09-4310,20,XOCH- SN GREGORIO,,11.496179605644976,2,M09-4310-1;M09-4310-2,2022-09-02,M09,unknown,no_verificado,no_verificado,,,,Trazo histórico: no implica operación vigente ni tecnología actual
M09-4321,21,MILPA ALTA-SN LORENZO TLACOYUCAN,"RUTA 21
MILPA ALTA - SAN LORENZO TLACOYUCAN


PARTIENDO DE SU BASE INICIAL, DER. CARRETERA A SAN LORENZO TLACOYUCAN CONTIN?A AV. DE LAS CRUCES, IZQ. CONSTITUCI?N, HASTA LLEGAR A SU BASE TERMINAL.",5.768130961435896,2,M09-4321-1;M09-4321-2,2022-09-02,M09,unknown,no_verificado,no_verificado,,,,Trazo histórico: no implica operación vigente ni tecnología actual
M09-4332,21,MILPA ALTA-STA ANA,"RUTA 21
MILPA ALTA - SANTA ANA


PARTIENDO DE SU BASE INICIAL, IZQ. CARRETERA SANTA ANA TLACOTENCO CONTIN?A AV. CASAS ALEM?N, HASTA LLEGAR A SU BASE TERMINAL.",6.88256617018141,2,M09-4332-1;M09-4332-2,2022-09-02,M09,unknown,no_verificado,no_verificado,,,,Trazo histórico: no implica operación vigente ni tecnología actual
M09-4343,21,MILPA ALTA- CENTRAL DE ABASTO,"RUTA 21
Milpa Alta- Central de Abasto



PARTIENDO DE SU ZONA DE ASCENSO Y DESCENSO DE ORIGEN, DER. YUCATAN NTE., DER. NUEVO LEON CONTIN?A CAMINO A MEXICO CONTIN?A MORELOS, DER. GASTON MELO, IZQ. SUR DEL COMERCIO CONTIN?A NTE. DEL COMERCIO CONTIN?A AV. D",64.10468564124929,2,M09-4343-1;M09-4343-2,2022-09-02,M09,unknown,no_verificado,no_verificado,,,,Trazo histórico: no implica operación vigente ni tecnología actual
M09-4354,21,MILPA ALTA-SAN JUAN TEPENAHUAC,"RUTA 21
MILPA ALTA - SAN JUAN TEPENAHUAC

PARTIENDO DE SU BASE INICIAL POR YUCAT?N NORTE, DER. TABASCO CONTIN?A CARRETERA MILPA ALTA CONTIN?A SAN JUAN TEPENAHUAC, DER. MORELOS, HASTA LLEGAR A SU BASE TERMINAL.",6.937348266090412,2,M09-4354-1;M09-4354-2,2022-09-02,M09,unknown,no_verificado,no_verificado,,,,Trazo histórico: no implica operación vigente ni tecnología actual
M09-4365,21,SAN PABLO-MILPA ALTA,"RUTA 21

SAN PABLO - MILPA ALTA


PARTIENDO DE SU BASE INICIAL, DER. LA VIGA CONTINUA ANDR?S MOLINA ENR?QUEZ, IZQ. ERMITA IZTAPALAPA, DER. CALZ. TULYEHUALCO, DER. FERROCARRIL DE SAN RAFAEL ATLIXCO CONTIN?A CARRETERA M?XICO TULYEHUALCO, IZQ. DIVISI?N DEL",77.05562921243897,2,M09-4365-1;M09-4365-2,2022-09-02,M09,unknown,no_verificado,no_verificado,,,,Trazo histórico: no implica operación vigente ni tecnología actual
M09-4376,22,METRO PANTITLAN II - REY NEZA 4A AVENIDA,METRO PANTITLAN II - REY NEZA 4A AVENIDA,25.433888486733586,4,M09-4376-1;M09-4376-2;M09-4376-3;M09-4376-4,2022-09-02,M09,unknown,no_verificado,no_verificado,,,,Trazo histórico: no implica operación vigente ni tecnología actual
M09-4391,22,METRO PANTITLAN - REY NEZA 4A AVENIDA,METRO PANTITLAN - REY NEZA 4A AVENIDA,25.87918159650751,4,M09-4391-1;M09-4391-2;M09-4391-3;M09-4391-4,2022-09-02,M09,unknown,no_verificado,no_verificado,,,,Trazo histórico: no implica operación vigente ni tecnología actual
M09-4406,22,M. PANTITLAN II - 4A AV.REY NEZA X BORDO,M. PANTITLAN II  - REY NEZA 4A AV.,27.088461255551234,4,M09-4406-1;M09-4406-2;M09-4406-3;M09-4406-4,2022-09-02,M09,unknown,no_verificado,no_verificado,,,,Trazo histórico: no implica operación vigente ni tecnología actual
M09-4421,22,M. PANTITLAN - 4A AV.REY NEZA X BORDO,M. PANTITLAN  - REY NEZA 4A AV.,27.506943989771237,4,M09-4421-1;M09-4421-2;M09-4421-3;M09-4421-4,2022-09-02,M09,unknown,no_verificado,no_verificado,,,,Trazo histórico: no implica operación vigente ni tecnología actual
M09-4436,22,METRO PANTITLAN II - 4A AVENIDA L?PEZ,METRO PANTITLAN II - 4A AVENIDA LOPEZ MATEOS,16.339747611204345,4,M09-4436-1;M09-4436-2;M09-4436-3;M09-4436-4,2022-09-02,M09,unknown,no_verificado,no_verificado,,,,Trazo histórico: no implica operación vigente ni tecnología actual
M09-4451,22,METRO PANTITLAN - 4A AVENIDA L?PEZ,METRO PANTITLAN - 4A AVENIDA LOPEZ MATEOS,16.339747611204345,4,M09-4451-1;M09-4451-2;M09-4451-3;M09-4451-4,2022-09-02,M09,unknown,no_verificado,no_verificado,,,,Trazo histórico: no implica operación vigente ni tecnología actual
M09-4466,22,PANTITLAN II - EL SOL,PANTITLAN II - EL SOL,11.464314432573465,4,M09-4466-1;M09-4466-2;M09-4466-3;M09-4466-4,2022-09-02,M09,unknown,no_verificado,no_verificado,,,,Trazo histórico: no implica operación vigente ni tecnología actual
M09-4481,22,PANTITLAN - EL SOL,PANTITLAN - EL SOL,11.8766412783933,4,M09-4481-1;M09-4481-2;M09-4481-3;M09-4481-4,2022-09-02,M09,unknown,no_verificado,no_verificado,,,,Trazo histórico: no implica operación vigente ni tecnología actual
M09-4496,22,SANT?SIMA - SANTA MARTHA,Santa Martha - Santisima,37.409523454698345,2,M09-4496-1;M09-4496-2,2022-09-02,M09,unknown,no_verificado,no_verificado,,,,Trazo histórico: no implica operación vigente ni tecnología actual
M09-4507,22,VALERIO TRUJANO VOCEADORES,Voceadores - Valerio Trujano OD,31.911747790754497,2,M09-4507-1;M09-4507-2,2022-09-02,M09,unknown,no_verificado,no_verificado,,,,Trazo histórico: no implica operación vigente ni tecnología actual
M09-4518,22,VALERIO TRUJANO - SANTA MARTHA,,40.701979078542735,2,M09-4518-1;M09-4518-2,2022-09-02,M09,unknown,no_verificado,no_verificado,,,,Trazo histórico: no implica operación vigente ni tecnología actual
M09-4529,22,VALERIO TRUJANO - METRO ZARAGOZA,Zaragoza - Valerio Trujano OD,18.526460412590918,2,M09-4529-1;M09-4529-2,2022-09-02,M09,unknown,no_verificado,no_verificado,,,,Trazo histórico: no implica operación vigente ni tecnología actual
M09-4540,22,SANTISMA BORDO DE XOCHIACA X CALLE 4,Bordo de Xochiaca Calle 4 - Santisima OD,31.259440705630222,3,M09-4540-1;M09-4540-2;M09-4540-3,2022-09-02,M09,unknown,no_verificado,no_verificado,,,,Trazo histórico: no implica operación vigente ni tecnología actual
M09-4553,22,VALERIO TRUJANO - BORDO DE XOCHIACA X C 7,Valerio Trujano - Bordo de Xochiaca DO,32.9995436434992,3,M09-4553-1;M09-4553-2;M09-4553-3,2022-09-02,M09,unknown,no_verificado,no_verificado,,,,Trazo histórico: no implica operación vigente ni tecnología actual
M09-4566,22,VALERIO - BORDO DE XOCHIACA X CALLE 4,Bordo de Xochiaca Calle 4 - Valerio Trujano OD,32.535314498727544,3,M09-4566-1;M09-4566-2;M09-4566-3,2022-09-02,M09,unknown,no_verificado,no_verificado,,,,Trazo histórico: no implica operación vigente ni tecnología actual
M09-4579,23,AZCAPOTZALCO 10 DE ABRIL,Azcapotzalco 10 de Abril,10.942732361555743,2,M09-4579-1;M09-4579-2,2022-09-02,M09,unknown,no_verificado,no_verificado,,,,Trazo histórico: no implica operación vigente ni tecnología actual
M09-4590,23,CUITL?HUAC REYNOSA SAN PABLO,Metro Cuitl?huac Reynosa San Pablo,18.087726905026976,2,M09-4590-1;M09-4590-2,2022-09-02,M09,unknown,no_verificado,no_verificado,,,,Trazo histórico: no implica operación vigente ni tecnología actual
M09-4601,23,CUITL?HUAC- SAN PABLO -ROSARIO-CARTONERA,023 Cuitl?huac- san pablo-rosario cartonera,24.209553025263574,2,M09-4601-1;M09-4601-2,2022-09-02,M09,unknown,no_verificado,no_verificado,,,,Trazo histórico: no implica operación vigente ni tecnología actual
M09-4612,23,METRO CUITLAHUAC METRO ROSARIO,Metro Cuitl?huac Metro Rosario,17.09305959978093,2,M09-4612-1;M09-4612-2,2022-09-02,M09,unknown,no_verificado,no_verificado,,,,Trazo histórico: no implica operación vigente ni tecnología actual
M09-4623,23,METRO CUITL?HUAC HOSPITAL PEMEX U. H. PETROLEROS,Metro Cuitl?huac - Hospital Pemex / Unidad Habitacional Petroleros,17.379912898335157,2,M09-4623-1;M09-4623-2,2022-09-02,M09,unknown,no_verificado,no_verificado,,,,Trazo histórico: no implica operación vigente ni tecnología actual
M09-4634,23,METRO CUITL?HUAC UNIDAD BIMBO,Metro Cuitl?huac -  Unidad Bimbo,13.90178413451029,2,M09-4634-1;M09-4634-2,2022-09-02,M09,unknown,no_verificado,no_verificado,,,,Trazo histórico: no implica operación vigente ni tecnología actual
M09-4645,23,METRO ROSARIO BACHILLERES CALZ. LAS ARMAS METRO TOREO,,17.989836018416216,2,M09-4645-1;M09-4645-2,2022-09-02,M09,unknown,no_verificado,no_verificado,,,,Trazo histórico: no implica operación vigente ni tecnología actual
M09-4656,23,METRO ROSARIO CALZ. DE LA NARANJA,Metro Rosario - Calz. la Naranja,11.04146062986166,2,M09-4656-1;M09-4656-2,2022-09-02,M09,unknown,no_verificado,no_verificado,,,,Trazo histórico: no implica operación vigente ni tecnología actual
M09-4667,23,METRO ROSARIO METRO TOREO,Metro Rosario - Metro Toreo,16.640389788084782,2,M09-4667-1;M09-4667-2,2022-09-02,M09,unknown,no_verificado,no_verificado,,,,Trazo histórico: no implica operación vigente ni tecnología actual
M09-4678,23,METRO TACUBA UNIDAD ROSARIO BACHILLERES,Tacuba Unidad Rosario Bachilleres,17.295149673992764,2,M09-4678-1;M09-4678-2,2022-09-02,M09,unknown,no_verificado,no_verificado,,,,Trazo histórico: no implica operación vigente ni tecnología actual
M09-4689,23,PARQUE VIA PARQUE MEXICO,Parque V?a - Parque M?xico,26.537127517196794,2,M09-4689-1;M09-4689-2,2022-09-02,M09,unknown,no_verificado,no_verificado,,,,Trazo histórico: no implica operación vigente ni tecnología actual
M09-4700,23,POPOTLA UNIDAD EL ROSARIO 1? SECCION,Metro Popotla Unidad el Rosario 1? Seccion,20.525403583751373,2,M09-4700-1;M09-4700-2,2022-09-02,M09,unknown,no_verificado,no_verificado,,,,Trazo histórico: no implica operación vigente ni tecnología actual
M09-4711,23,POPOTLA - UNIDAD CTM - EL ROSARIO 2,el Rosario 2 - METRO Popotla,21.838476799830133,2,M09-4711-1;M09-4711-2,2022-09-02,M09,unknown,no_verificado,no_verificado,,,,Trazo histórico: no implica operación vigente ni tecnología actual
M09-4722,23,SAN PEDRO AZCAPOTZALCO,Azcapotzalco - San Pedro,10.391589547483239,2,M09-4722-1;M09-4722-2,2022-09-02,M09,unknown,no_verificado,no_verificado,,,,Trazo histórico: no implica operación vigente ni tecnología actual
M09-4733,23,"SAN PEDRO XALPA AZCAPOTZALCO, PANTACO",San Pedro Xalpa - Azcapotzalco Pantaco,10.508874372323083,2,M09-4733-1;M09-4733-2,2022-09-02,M09,unknown,no_verificado,no_verificado,,,,Trazo histórico: no implica operación vigente ni tecnología actual
M09-4744,23,TACUBA PROVIDENCIA,Tacuba - Providencia,14.518990161791363,2,M09-4744-1;M09-4744-2,2022-09-02,M09,unknown,no_verificado,no_verificado,,,,Trazo histórico: no implica operación vigente ni tecnología actual
M09-4755,23,METRO TACUBA SAN MART?N ROSARIO,,6.985941767280389,1,M09-4755-1,2022-09-02,M09,unknown,no_verificado,no_verificado,,,,Trazo histórico: no implica operación vigente ni tecnología actual
M09-4764,24,CHAPULTEPEC - OBSERVATORIO,,12.116231779137115,2,M09-4764-1;M09-4764-2,2022-09-02,M09,unknown,no_verificado,no_verificado,,,,Trazo histórico: no implica operación vigente ni tecnología actual
M09-4775,24,OBSERVATORIO - CAMPO HIPICO,,6.380009069225081,2,M09-4775-1;M09-4775-2,2022-09-02,M09,unknown,no_verificado,no_verificado,,,,Trazo histórico: no implica operación vigente ni tecnología actual
M09-4786,25,MIXCOAC - IZTAPALAPA,,26.225495457711357,2,M09-4786-1;M09-4786-2,2022-09-02,M09,unknown,no_verificado,no_verificado,,,,Trazo histórico: no implica operación vigente ni tecnología actual
M09-4797,25,BARRANCA DEL MUERTO - IZTAPALAPA,"inicia barranca del Muerto, Izqquierda Sagredo, Derecha Palteros, Derecha Perpetua, Izquierda Insurgentes Sur, Derecha Jose Maria Rico Continua Ermita Iztapalapa Termina F:J: Rojo Gomez",24.769674593590214,2,M09-4797-1;M09-4797-2,2022-09-02,M09,unknown,no_verificado,no_verificado,,,,Trazo histórico: no implica operación vigente ni tecnología actual
M09-4808,26,AMPLIACION PROPUESTA (#2),,8.652695962497063,2,M09-4808-1;M09-4808-2,2022-09-02,M09,unknown,no_verificado,no_verificado,,,,Trazo histórico: no implica operación vigente ni tecnología actual
M09-4819,26,AMPLIACION PROPUESTA (#3),,8.652695962497063,2,M09-4819-1;M09-4819-2,2022-09-02,M09,unknown,no_verificado,no_verificado,,,,Trazo histórico: no implica operación vigente ni tecnología actual
M09-4830,26,AMPLIACION PROPUESTA,,8.652695962497063,2,M09-4830-1;M09-4830-2,2022-09-02,M09,unknown,no_verificado,no_verificado,,,,Trazo histórico: no implica operación vigente ni tecnología actual
M09-4841,26,RECORRIDO ACTUAL,Tlahuac - Paseos Villas,26.884085817030844,2,M09-4841-1;M09-4841-2,2022-09-02,M09,unknown,no_verificado,no_verificado,,,,Trazo histórico: no implica operación vigente ni tecnología actual
M09-4852,26,RECORRIDO ACTUAL (#2),,22.216948270116085,2,M09-4852-1;M09-4852-2,2022-09-02,M09,unknown,no_verificado,no_verificado,,,,Trazo histórico: no implica operación vigente ni tecnología actual
M09-4863,26,RECORRIDO ACTUAL (#3),,19.072543986340854,2,M09-4863-1;M09-4863-2,2022-09-02,M09,unknown,no_verificado,no_verificado,,,,Trazo histórico: no implica operación vigente ni tecnología actual
M09-4874,26,RUTA 30 METROPOLITANA LISTO,"CASAS ARA - XICO

PASEOS VILLA CHALCO",15.228663965146021,1,M09-4874-1,2022-09-02,M09,unknown,no_verificado,no_verificado,,,,Trazo histórico: no implica operación vigente ni tecnología actual
M09-4883,26,RUTA 30 PROPUESTA PARA EL POLI,CHALCO - CECyT 15,12.421170575504005,1,M09-4883-1,2022-09-02,M09,unknown,no_verificado,no_verificado,,,,Trazo histórico: no implica operación vigente ni tecnología actual
M09-4892,27,BARRIO NORTE TACUBAYA,,8.684475567351086,2,M09-4892-1;M09-4892-2,2022-09-02,M09,unknown,no_verificado,no_verificado,,,,Trazo histórico: no implica operación vigente ni tecnología actual
M09-4903,28,AEROPUERTO TOREO 4 CAMINOS POR FLORES MAGON,Aeropuerto x Flores Magon,38.78550280459892,2,M09-4903-1;M09-4903-2,2022-09-02,M09,unknown,no_verificado,no_verificado,,,,Trazo histórico: no implica operación vigente ni tecnología actual
M09-4914,28,AEROPUERTO - SUBURBIA TOREO,Suburbia - Aeropuerto,39.362172033886225,2,M09-4914-1;M09-4914-2,2022-09-02,M09,unknown,no_verificado,no_verificado,,,,Trazo histórico: no implica operación vigente ni tecnología actual
M09-4925,28,AEROPUERTO - TOREO METRO CUATRO CAMINOS,Toreo 4 caminos - Aeropuerto,38.23470559233687,2,M09-4925-1;M09-4925-2,2022-09-02,M09,unknown,no_verificado,no_verificado,,,,Trazo histórico: no implica operación vigente ni tecnología actual
M09-4936,28,CERVANTES SAAVEDRA - METRO ROSARIO,Cervantes Saavedra - Metro el Rosario,24.616351226021415,2,M09-4936-1;M09-4936-2,2022-09-02,M09,unknown,no_verificado,no_verificado,,,,Trazo histórico: no implica operación vigente ni tecnología actual
M09-4947,28,LEGARIA DEFENSA NACIONAL - LA MARINA - TECAMACHALCO,Tacuba - La Marina tecamachalco,10.122441529185208,2,M09-4947-1;M09-4947-2,2022-09-02,M09,unknown,no_verificado,no_verificado,,,,Trazo histórico: no implica operación vigente ni tecnología actual
M09-4958,28,LEGARIA - CAMPO MILITAR PUERTA 3 Y 8 TECAMACHALCO,Legaria - Tecamachalco puerta 3 y 8,13.585853503007217,2,M09-4958-1;M09-4958-2,2022-09-02,M09,unknown,no_verificado,no_verificado,,,,Trazo histórico: no implica operación vigente ni tecnología actual
M09-4969,28,METRO NORMAL - DEFENSA,Metro Normal - Defensa,14.439077062716002,2,M09-4969-1;M09-4969-2,2022-09-02,M09,unknown,no_verificado,no_verificado,,,,Trazo histórico: no implica operación vigente ni tecnología actual
M09-4980,28,METRO NORMAL - GIGANTE EJERCITO,Normal - Gigante Ejercito,11.022095301136025,2,M09-4980-1;M09-4980-2,2022-09-02,M09,unknown,no_verificado,no_verificado,,,,Trazo histórico: no implica operación vigente ni tecnología actual
M09-4991,28,METRO SAN COSME PARADERO 4 CAMINOS,San Cosme - Paradero 4 caminos,18.220665327605808,2,M09-4991-1;M09-4991-2,2022-09-02,M09,unknown,no_verificado,no_verificado,,,,Trazo histórico: no implica operación vigente ni tecnología actual
M09-5002,28,METRO SAN COSME - SUBURBIA TOREO,Suburbia Toreo - Metro San Cosme,16.685962861495092,2,M09-5002-1;M09-5002-2,2022-09-02,M09,unknown,no_verificado,no_verificado,,,,Trazo histórico: no implica operación vigente ni tecnología actual
M09-5013,28,NONOALCO - METRO CUATRO CAMINOS,Buenavista - Nonoalco - 4 caminos,21.987933436805122,2,M09-5013-1;M09-5013-2,2022-09-02,M09,unknown,no_verificado,no_verificado,,,,Trazo histórico: no implica operación vigente ni tecnología actual
M09-5024,28,SAN JOAQUIN - CARSO,Carso - San Joaquin,4.08556713630208,2,M09-5024-1;M09-5024-2,2022-09-02,M09,unknown,no_verificado,no_verificado,,,,Trazo histórico: no implica operación vigente ni tecnología actual
M09-5035,28,METRO NORMAL - DEFENSA (EXPRESSO),Expresso Metro Normal - Normal,3.2593138046758856,1,M09-5035-1,2022-09-02,M09,unknown,no_verificado,no_verificado,,,,Trazo histórico: no implica operación vigente ni tecnología actual
M09-5044,28,METRO SAN COSME PARADERO 4 CAMINOS (EXPRESSO),servicio express 4 caminos san cosme,3.3391476969307985,1,M09-5044-1,2022-09-02,M09,unknown,no_verificado,no_verificado,,,,Trazo histórico: no implica operación vigente ni tecnología actual
M09-5053,29,TAXQUEÑA COTIJA,,9.078758703712568,2,M09-5053-1;M09-5053-2,2022-09-02,M09,unknown,no_verificado,no_verificado,,,,Trazo histórico: no implica operación vigente ni tecnología actual
M09-5064,3,AEROPUERTO - CAIRO,,16.288683231283855,2,M09-5064-1;M09-5064-2,2022-09-02,M09,unknown,no_verificado,no_verificado,,,,Trazo histórico: no implica operación vigente ni tecnología actual
M09-5075,3,AEROPUERTO - PRADERA X 606,,21.358008427252702,2,M09-5075-1;M09-5075-2,2022-09-02,M09,unknown,no_verificado,no_verificado,,,,Trazo histórico: no implica operación vigente ni tecnología actual
M09-5086,3,AEROPUERTO - PRADERA X LORETO FABELA,,19.062801378760277,2,M09-5086-1;M09-5086-2,2022-09-02,M09,unknown,no_verificado,no_verificado,,,,Trazo histórico: no implica operación vigente ni tecnología actual
M09-5097,3,LA VILLA - METRO ROSARIO (CAMION),,23.256557017300505,2,M09-5097-1;M09-5097-2,2022-09-02,M09,unknown,no_verificado,no_verificado,,,,Trazo histórico: no implica operación vigente ni tecnología actual
M09-5108,3,LA VILLA - PRESIDENTE MADERO,,24.677691809006188,2,M09-5108-1;M09-5108-2,2022-09-02,M09,unknown,no_verificado,no_verificado,,,,Trazo histórico: no implica operación vigente ni tecnología actual
M09-5119,3,LA VILLA - ROSARIO (MICROS),,23.27686758238775,2,M09-5119-1;M09-5119-2,2022-09-02,M09,unknown,no_verificado,no_verificado,,,,Trazo histórico: no implica operación vigente ni tecnología actual
M09-5130,3,METRO BALBUENA - MABE X 158,,7.8794810357994045,2,M09-5130-1;M09-5130-2,2022-09-02,M09,unknown,no_verificado,no_verificado,,,,Trazo histórico: no implica operación vigente ni tecnología actual
M09-5141,3,METRO BALBUENA - TERMINAL AEREA CC,,6.355561880878422,2,M09-5141-1;M09-5141-2,2022-09-02,M09,unknown,no_verificado,no_verificado,,,,Trazo histórico: no implica operación vigente ni tecnología actual
M09-5152,3,METRO MOCTEZUMA - IMPULSORA (PLAZAS),,27.613900186078187,2,M09-5152-1;M09-5152-2,2022-09-02,M09,unknown,no_verificado,no_verificado,,,,Trazo histórico: no implica operación vigente ni tecnología actual
M09-5163,3,METRO MOCTEZUMA - METRO ARAGON CAIRO,,7.516669524869103,2,M09-5163-1;M09-5163-2,2022-09-02,M09,unknown,no_verificado,no_verificado,,,,Trazo histórico: no implica operación vigente ni tecnología actual
M09-5174,3,METRO MOCTEZUMA - METRO NEZAHUALCOYOTL,,24.578126298049856,2,M09-5174-1;M09-5174-2,2022-09-02,M09,unknown,no_verificado,no_verificado,,,,Trazo histórico: no implica operación vigente ni tecnología actual
M09-5185,3,METRO NORMAL - CARTONERA SAN PEDRO XALPA,,15.326724122728368,2,M09-5185-1;M09-5185-2,2022-09-02,M09,unknown,no_verificado,no_verificado,,,,Trazo histórico: no implica operación vigente ni tecnología actual
M09-5196,3,METRO NORMAL - CENTRAL CAMIONERA INSTITUO DEL PETROLEO,,24.616408421553736,2,M09-5196-1;M09-5196-2,2022-09-02,M09,unknown,no_verificado,no_verificado,,,,Trazo histórico: no implica operación vigente ni tecnología actual
M09-5207,3,METRO NORMAL - METRO POLITECNICO,,21.476484330263638,2,M09-5207-1;M09-5207-2,2022-09-02,M09,unknown,no_verificado,no_verificado,,,,Trazo histórico: no implica operación vigente ni tecnología actual
M09-5218,3,METRO NORMAL - SANTA BARBARA,,16.562902279069032,2,M09-5218-1;M09-5218-2,2022-09-02,M09,unknown,no_verificado,no_verificado,,,,Trazo histórico: no implica operación vigente ni tecnología actual
M09-5229,3,METRO NORMAL - SAN ANDRES,,15.901731685095479,2,M09-5229-1;M09-5229-2,2022-09-02,M09,unknown,no_verificado,no_verificado,,,,Trazo histórico: no implica operación vigente ni tecnología actual
M09-5240,3,METRO POLITECNICO - LA JOYA IXTACALA,,12.161437507770296,2,M09-5240-1;M09-5240-2,2022-09-02,M09,unknown,no_verificado,no_verificado,,,,Trazo histórico: no implica operación vigente ni tecnología actual
M09-5251,3,MOCTEZUMA - CUCHILLA CD. LAGO,,23.35858835841279,2,M09-5251-1;M09-5251-2,2022-09-02,M09,unknown,no_verificado,no_verificado,,,,Trazo histórico: no implica operación vigente ni tecnología actual
M09-5262,3,MOCTEZUMA - PE?ON,,11.211165569728793,2,M09-5262-1;M09-5262-2,2022-09-02,M09,unknown,no_verificado,no_verificado,,,,Trazo histórico: no implica operación vigente ni tecnología actual
M09-5273,3,MOCTEZUMA - POLI X 604,,17.852061559214555,2,M09-5273-1;M09-5273-2,2022-09-02,M09,unknown,no_verificado,no_verificado,,,,Trazo histórico: no implica operación vigente ni tecnología actual
M09-5284,3,MOCTEZUMA - POLI X 606,,17.247997242718295,2,M09-5284-1;M09-5284-2,2022-09-02,M09,unknown,no_verificado,no_verificado,,,,Trazo histórico: no implica operación vigente ni tecnología actual
M09-5295,3,MOCTEZUMA - PRADOS DE ARAGON,,29.039259523157096,2,M09-5295-1;M09-5295-2,2022-09-02,M09,unknown,no_verificado,no_verificado,,,,Trazo histórico: no implica operación vigente ni tecnología actual
M09-5306,3,METRO NORMAL AZCAPOTZALCO POTRERO,,13.494330722890844,2,M09-5306-1;M09-5306-2,2022-09-02,M09,unknown,no_verificado,no_verificado,,,,Trazo histórico: no implica operación vigente ni tecnología actual
M09-5317,3,METRO NORMAL AZCAPOTZALCO POTRERO (#2),,13.494330722890844,2,M09-5317-1;M09-5317-2,2022-09-02,M09,unknown,no_verificado,no_verificado,,,,Trazo histórico: no implica operación vigente ni tecnología actual
M09-5328,3,METRO NORMAL SANTA BARBARA DEPORTIVO REYNOSA,,15.975003541653452,2,M09-5328-1;M09-5328-2,2022-09-02,M09,unknown,no_verificado,no_verificado,,,,Trazo histórico: no implica operación vigente ni tecnología actual
M09-5339,3,METRO NORMAL SANTA BARBARA DEPORTIVO REYNOSA (#2),,15.975003541653452,2,M09-5339-1;M09-5339-2,2022-09-02,M09,unknown,no_verificado,no_verificado,,,,Trazo histórico: no implica operación vigente ni tecnología actual
M09-5350,3,NORMAL - WALMART VICTORIA DE LAS DEMOCRACIAS,,8.124611410984715,2,M09-5350-1;M09-5350-2,2022-09-02,M09,unknown,no_verificado,no_verificado,,,,Trazo histórico: no implica operación vigente ni tecnología actual
M09-5361,3,OCEANIA - CUCHILLA BOSQUES,,17.46683147391867,2,M09-5361-1;M09-5361-2,2022-09-02,M09,unknown,no_verificado,no_verificado,,,,Trazo histórico: no implica operación vigente ni tecnología actual
M09-5372,3,PROGRESO NACIONAL - SAN JUAN IXTACALA,,7.647246686604883,2,M09-5372-1;M09-5372-2,2022-09-02,M09,unknown,no_verificado,no_verificado,,,,Trazo histórico: no implica operación vigente ni tecnología actual
M09-5383,3,TENAYUCA - LA JOYA IXTACALA,,2.7376392105921648,2,M09-5383-1;M09-5383-2,2022-09-02,M09,unknown,no_verificado,no_verificado,,,,Trazo histórico: no implica operación vigente ni tecnología actual
M09-5394,3,METRO 18 DE MARZO - PROGRESO NACIONAL.,Desde Calle Tenayo hasta Calz. Vallejo. 3.8 Km.,10.056124070892736,1,M09-5394-1,2022-09-02,M09,unknown,no_verificado,no_verificado,,,,Trazo histórico: no implica operación vigente ni tecnología actual
M09-5403,3,METRO NORMAL - VALLEJO LA CURVA,Desde Calz. Vallejo hasta la Gaza de incorporacion de Calz. De las Granjas. 2.46 Km,27.101621467789947,1,M09-5403-1,2022-09-02,M09,unknown,no_verificado,no_verificado,,,,Trazo histórico: no implica operación vigente ni tecnología actual
M09-5412,3,METRO LA RAZA - LA CURVA,,16.951455843461208,1,M09-5412-1,2022-09-02,M09,unknown,no_verificado,no_verificado,,,,Trazo histórico: no implica operación vigente ni tecnología actual
M09-5421,30 METROP,METROPOLITANA AMPLIACION PROPUESTA (#2),,8.652695962497063,2,M09-5421-1;M09-5421-2,2022-09-02,M09,unknown,no_verificado,no_verificado,,,,Trazo histórico: no implica operación vigente ni tecnología actual
M09-5432,30 METROP,METROPOLITANA AMPLIACION PROPUESTA (#3),,8.652695962497063,2,M09-5432-1;M09-5432-2,2022-09-02,M09,unknown,no_verificado,no_verificado,,,,Trazo histórico: no implica operación vigente ni tecnología actual
M09-5443,30 METROP,METROPOLITANA AMPLIACION PROPUESTA,,8.652695962497063,2,M09-5443-1;M09-5443-2,2022-09-02,M09,unknown,no_verificado,no_verificado,,,,Trazo histórico: no implica operación vigente ni tecnología actual
M09-5454,30 METROP,METROPOLITANA RECORRIDO ACTUAL (#2),,22.216948270116085,2,M09-5454-1;M09-5454-2,2022-09-02,M09,unknown,no_verificado,no_verificado,,,,Trazo histórico: no implica operación vigente ni tecnología actual
M09-5465,30 METROP,METROPOLITANA RECORRIDO ACTUAL (#3),,19.072543986340854,2,M09-5465-1;M09-5465-2,2022-09-02,M09,unknown,no_verificado,no_verificado,,,,Trazo histórico: no implica operación vigente ni tecnología actual
M09-5476,30 METROP,METROPOLITANA RECORRIDO ACTUAL,Tlahuac - Paseos Villas,26.884085817030844,2,M09-5476-1;M09-5476-2,2022-09-02,M09,unknown,no_verificado,no_verificado,,,,Trazo histórico: no implica operación vigente ni tecnología actual
M09-5487,30 METROP,METROPOLITANA RUTA 30 PROPUESTA PARA EL POLI,CHALCO - CECyT 15,12.421170575504005,1,M09-5487-1,2022-09-02,M09,unknown,no_verificado,no_verificado,,,,Trazo histórico: no implica operación vigente ni tecnología actual
M09-5496,30,JARDINES DEL LLANO - CETRAM TLAHUAC,"ruta 30

Cetram Tlahuac - Jardines del Llano -",16.50507838358705,2,M09-5496-1;M09-5496-2,2022-09-02,M09,unknown,no_verificado,no_verificado,,,,Trazo histórico: no implica operación vigente ni tecnología actual
M09-5507,30,METROPOLITANO CLACO TULYEHUALCO CETRAM TLAHUAC,RUTA 30,41.61445479757205,2,M09-5507-1;M09-5507-2,2022-09-02,M09,unknown,no_verificado,no_verificado,,,,Trazo histórico: no implica operación vigente ni tecnología actual
M09-5518,30,METROPOLITANOS CASAS ARA SAN  MARTIN CETRAM TLAHUAC,,28.247285104470414,2,M09-5518-1;M09-5518-2,2022-09-02,M09,unknown,no_verificado,no_verificado,,,,Trazo histórico: no implica operación vigente ni tecnología actual
M09-5529,30,METROPOLITANOS PASEOS VILLA CETRAM,,28.247285104470414,2,M09-5529-1;M09-5529-2,2022-09-02,M09,unknown,no_verificado,no_verificado,,,,Trazo histórico: no implica operación vigente ni tecnología actual
M09-5540,30,MILPA ALTA - CETRAM TLAHUAC,RUTA 30,28.319756212425713,2,M09-5540-1;M09-5540-2,2022-09-02,M09,unknown,no_verificado,no_verificado,,,,Trazo histórico: no implica operación vigente ni tecnología actual
M09-5551,30,PE?A ALTA - CETRAM TLAHUAC,"rUTA 30
Cetram Tlahuac - Pe?a Alta",17.59358708207488,2,M09-5551-1;M09-5551-2,2022-09-02,M09,unknown,no_verificado,no_verificado,,,,Trazo histórico: no implica operación vigente ni tecnología actual
M09-5562,30,SAN FRANCISCO TECOXPA - CETRAM TLAHUAC,"RUTA 30

Cetram Tlahuac - San Francisco Tecoxpa",23.793529882797703,2,M09-5562-1;M09-5562-2,2022-09-02,M09,unknown,no_verificado,no_verificado,,,,Trazo histórico: no implica operación vigente ni tecnología actual
M09-5573,30,PROPUESTA LOCAL PARADA DEL TORO,,8.43017362876718,1,M09-5573-1,2022-09-02,M09,unknown,no_verificado,no_verificado,,,,Trazo histórico: no implica operación vigente ni tecnología actual
M09-5582,31,CENTRAL DE ABASTO - 4A AVENIDA,Central de Abasto - 4a avenida  METROPOLITANO,31.75318922072948,4,M09-5582-1;M09-5582-2;M09-5582-3;M09-5582-4,2022-09-02,M09,unknown,no_verificado,no_verificado,,,,Trazo histórico: no implica operación vigente ni tecnología actual
M09-5597,31,M. SAN ANTONIO ABAD - L?PEZ MATEOS,San Antonio - L?pez Mateos,45.483850570486105,4,M09-5597-1;M09-5597-2;M09-5597-3;M09-5597-4,2022-09-02,M09,unknown,no_verificado,no_verificado,,,,Trazo histórico: no implica operación vigente ni tecnología actual
M09-5612,31,SAN ANTONIO - 4A AVENIDA,San Antonio - 4a Avenida,45.84975362020104,4,M09-5612-1;M09-5612-2;M09-5612-3;M09-5612-4,2022-09-02,M09,unknown,no_verificado,no_verificado,,,,Trazo histórico: no implica operación vigente ni tecnología actual
M09-5627,31,XOLA - VILLADA,,34.07280234560116,2,M09-5627-1;M09-5627-2,2022-09-02,M09,unknown,no_verificado,no_verificado,,,,Trazo histórico: no implica operación vigente ni tecnología actual
M09-5638,31,XOLA - EJERCITO DE ORIENTE,Xola - Ejercito de Oriente,26.87248624283909,2,M09-5638-1;M09-5638-2,2022-09-02,M09,unknown,no_verificado,no_verificado,,,,Trazo histórico: no implica operación vigente ni tecnología actual
M09-5649,31,XOLA - FRENTE 8,Xola - Frente 8,24.518087687046215,2,M09-5649-1;M09-5649-2,2022-09-02,M09,unknown,no_verificado,no_verificado,,,,Trazo histórico: no implica operación vigente ni tecnología actual
M09-5660,32,M. TAXQUE?A SANTO DOMINGO REY MOCTEZUMA,,13.440863002686559,2,M09-5660-1;M09-5660-2,2022-09-02,M09,unknown,no_verificado,no_verificado,,,,Trazo histórico: no implica operación vigente ni tecnología actual
M09-5671,32,METRO TAXQUE?A LAZARO CARDENAS SANTO DOMINGO NEZHUALPILLI,,12.453574204046875,2,M09-5671-1;M09-5671-2,2022-09-02,M09,unknown,no_verificado,no_verificado,,,,Trazo histórico: no implica operación vigente ni tecnología actual
M09-5682,33,FUEGO NUEVO EJE 3 ORIENTE,FUEGO NUEVO EJE 3 ORIENTE,5.646213442428636,2,M09-5682-1;M09-5682-2,2022-09-02,M09,unknown,no_verificado,no_verificado,,,,Trazo histórico: no implica operación vigente ni tecnología actual
M09-5693,33,TAXQUE?A - FUEGO NUEVO BILBAO POR SANTANA,RAMAL TAXQUE?A - FUEGO NUEVO BILBAO,17.760511222338405,2,M09-5693-1;M09-5693-2,2022-09-02,M09,unknown,no_verificado,no_verificado,,,,Trazo histórico: no implica operación vigente ni tecnología actual
M09-5704,33,CULHUACAN - VALLE DE LUCES PANTEON CIVIL,CULHUACAN - VALLE DE LUCES PANTEON CIVIL,3.8403579077729937,2,M09-5704-1;M09-5704-2,2022-09-02,M09,unknown,no_verificado,no_verificado,,,,Trazo histórico: no implica operación vigente ni tecnología actual
M09-5715,33,LA VIGA ERMITA VALLE DE LUCES,LA VIGA ERMITA VALLE DE LUCES,8.620784406126084,2,M09-5715-1;M09-5715-2,2022-09-02,M09,unknown,no_verificado,no_verificado,,,,Trazo histórico: no implica operación vigente ni tecnología actual
M09-5726,33,LA VIGA ERMITA  COL. 12 DIC. SAN JUAN XALPA ( BILBAO),LA VIGA ERMITA  COL. 12 DIC. SAN JUAN XALPA ( BILBAO),11.890153070695035,2,M09-5726-1;M09-5726-2,2022-09-02,M09,unknown,no_verificado,no_verificado,,,,Trazo histórico: no implica operación vigente ni tecnología actual
M09-5737,33,LA VIGA - ERMITA  COL.  FUEGO NUEVO,LA VIGA - ERMITA  COL.  FUEGO NUEVO,11.889217604235157,2,M09-5737-1;M09-5737-2,2022-09-02,M09,unknown,no_verificado,no_verificado,,,,Trazo histórico: no implica operación vigente ni tecnología actual
M09-5748,33,VALLE DE LUCES - METRO ATLALICO CAMPESINOS POR 5 DE MAYO,VALLE DE LUCES - METRO ATLALICO CAMPESINOS POR 5 DE MAYO,6.180176656556139,2,M09-5748-1;M09-5748-2,2022-09-02,M09,unknown,no_verificado,no_verificado,,,,Trazo histórico: no implica operación vigente ni tecnología actual
M09-5759,33,MIRADOR - CAMPESINOS  METRO ATLALILCO,METRO ATLALICO  CAMPESINOS - MIRADOR,8.289035720671452,2,M09-5759-1;M09-5759-2,2022-09-02,M09,unknown,no_verificado,no_verificado,,,,Trazo histórico: no implica operación vigente ni tecnología actual
M09-5770,33,FUEGO NUEVO METRO TAXQUE?A,,16.886014652454026,3,M09-5770-1;M09-5770-2;M09-5770-3,2022-09-02,M09,unknown,no_verificado,no_verificado,,,,Trazo histórico: no implica operación vigente ni tecnología actual
M09-5783,34,METRO GRAL. ANAYA?BARRANCA DEL MUERTO,METRO GRAL. ANAYA?BARRANCA DEL MUERTO,16.037260156068772,2,M09-5783-1;M09-5783-2,2022-09-02,M09,unknown,no_verificado,no_verificado,,,,Trazo histórico: no implica operación vigente ni tecnología actual
M09-5794,34,"METRO GRAL. ANAYA?STO. DOMINGO, AHUANUSCO","METRO GRAL. ANAYA?STO. DOMINGO, AHUANUSCO",15.658646059724036,2,M09-5794-1;M09-5794-2,2022-09-02,M09,unknown,no_verificado,no_verificado,,,,Trazo histórico: no implica operación vigente ni tecnología actual
M09-5805,34,METRO ERMITA?AJUSCO MIXTECAS,AJUSCO MIXTECAS -METRO ERMITA,18.987791723614652,2,M09-5805-1;M09-5805-2,2022-09-02,M09,unknown,no_verificado,no_verificado,,,,Trazo histórico: no implica operación vigente ni tecnología actual
M09-5816,34,METRO GRAL. ANAYA?AJUSCO MIXTECAS,"""METRO GRAL. ANAYA?AJUSCO MIXTECAS",17.242227242178316,2,M09-5816-1;M09-5816-2,2022-09-02,M09,unknown,no_verificado,no_verificado,,,,Trazo histórico: no implica operación vigente ni tecnología actual
M09-5827,35,10 DE MAYO  TORRE - TESORERIA,ORIGEN RUTA 35,7.595465229109475,2,M09-5827-1;M09-5827-2,2022-09-02,M09,unknown,no_verificado,no_verificado,,,,Trazo histórico: no implica operación vigente ni tecnología actual
M09-5838,35,SAN LORENZO TEZONCO -10 DE MAYO,REGRESO,8.848367058793935,2,M09-5838-1;M09-5838-2,2022-09-02,M09,unknown,no_verificado,no_verificado,,,,Trazo histórico: no implica operación vigente ni tecnología actual
M09-5849,35,ALDAMA - VIVEROS  AV. TLAHUAC -CETRAM PERIFERICO,"ALARGAMIENO R 35

RAMAL ALDA MA  CETRAM PERIFERICO",3.8152833372298267,1,M09-5849-1,2022-09-02,M09,unknown,no_verificado,no_verificado,,,,Trazo histórico: no implica operación vigente ni tecnología actual
M09-5858,35,VALLE DE SAN LORENZO -LAS TORRES CETRAM PERIFERICO,0.,3.258541524293773,1,M09-5858-1,2022-09-02,M09,unknown,no_verificado,no_verificado,,,,Trazo histórico: no implica operación vigente ni tecnología actual
M09-5867,35,SAN LORENZO CALLE ZAPATA - METRO TEZONCO,R 35,3.637537741852015,1,M09-5867-1,2022-09-02,M09,unknown,no_verificado,no_verificado,,,,Trazo histórico: no implica operación vigente ni tecnología actual
M09-5876,35,AV.  TLAHUAC CUAUHTEMO0C - METRO TEZONCO,ALARGAMIENTOS,3.3689137546085046,1,M09-5876-1,2022-09-02,M09,unknown,no_verificado,no_verificado,,,,Trazo histórico: no implica operación vigente ni tecnología actual
M09-5885,35,CANAL DE CHALCO AV. TLAHUAC METRO TEZONCO COL. MOLINO,RUTA 35,3.638145996788116,1,M09-5885-1,2022-09-02,M09,unknown,no_verificado,no_verificado,,,,Trazo histórico: no implica operación vigente ni tecnología actual
M09-5894,35,PERIFERICO - LOPEZ PORTILLO UACM,.,10.568388904055627,1,M09-5894-1,2022-09-02,M09,unknown,no_verificado,no_verificado,,,,Trazo histórico: no implica operación vigente ni tecnología actual
M09-5903,35,CANAL DE CHALCO - RECLURORIO ORIENTE,.POR AV 1,6.181228367159224,1,M09-5903-1,2022-09-02,M09,unknown,no_verificado,no_verificado,,,,Trazo histórico: no implica operación vigente ni tecnología actual
M09-5912,35,AV. TLAHUAC COL. DEL MAR,".REGRESO

RUTA 35",6.126298438718961,1,M09-5912-1,2022-09-02,M09,unknown,no_verificado,no_verificado,,,,Trazo histórico: no implica operación vigente ni tecnología actual
M09-5921,35,AV. TLAHUAC COL. DEL MAR ALLEPETLALLI,".REGRESO

RUTA 35",8.386134319745286,1,M09-5921-1,2022-09-02,M09,unknown,no_verificado,no_verificado,,,,Trazo histórico: no implica operación vigente ni tecnología actual
M09-5930,35,CANAL DE CHALCO RECLUSORIO ORIENTE POR ZARAGOZA,".RUTA 35

ALARGAMIENTO",8.472574817740727,1,M09-5930-1,2022-09-02,M09,unknown,no_verificado,no_verificado,,,,Trazo histórico: no implica operación vigente ni tecnología actual
M09-5939,36,LA CEBADA-EMBARCADERO,,10.70652524688107,2,M09-5939-1;M09-5939-2,2022-09-02,M09,unknown,no_verificado,no_verificado,,,,Trazo histórico: no implica operación vigente ni tecnología actual
M09-5950,36,TAXQUE?A-LAS PERITAS,,18.869522950689905,2,M09-5950-1;M09-5950-2,2022-09-02,M09,unknown,no_verificado,no_verificado,,,,Trazo histórico: no implica operación vigente ni tecnología actual
M09-5961,36,TAXQUE?A-MADRE SELVA,,24.578904578128064,2,M09-5961-1;M09-5961-2,2022-09-02,M09,unknown,no_verificado,no_verificado,,,,Trazo histórico: no implica operación vigente ni tecnología actual
M09-5972,36,TAXQUE?A-SALITRE,,23.282159890855848,2,M09-5972-1;M09-5972-2,2022-09-02,M09,unknown,no_verificado,no_verificado,,,,Trazo histórico: no implica operación vigente ni tecnología actual
M09-5983,37,CALLE 39- CABEZA DE JUAREZ,CALLE 39- CABEZA DE JUAREZ,13.739397067326793,2,M09-5983-1;M09-5983-2,2022-09-02,M09,unknown,no_verificado,no_verificado,,,,Trazo histórico: no implica operación vigente ni tecnología actual
M09-5994,37,CABEZA DE JU?REZ - METRO CONSTITUCI?N DE 1917,"RUTA 37
PARTIENDO DE SU ZONA DE ASCENSO Y DESCENSO DE ORIGE, POR AV. GUELATAO, VUELTA EN ""U"" A LA ALTURA DE LA CALZ. IGNACIO ZARAGOZA CONT. AV. GUELATAO. DER. EJE 5,  VUELTA EN ""U"" A LA ALTURA DE LA CALLE DE ROSARIO CASTELLANOS - EJE 5, DER. CARLOS L. GR",18.148769973365596,2,M09-5994-1;M09-5994-2,2022-09-02,M09,unknown,no_verificado,no_verificado,,,,Trazo histórico: no implica operación vigente ni tecnología actual
M09-6005,37,"CALZ. TLAHUAC - COL. ARBOLEDAS, COL. LA ESTACI?N, METRO CONSTITUCI?N DE 1917","RUTA 37

PARTIENDO DE SU ZONA DE ASCENSO Y DESCENSO DE ORIGEN, POR AV. STA. CRUZ, DER. F.F.C.C. ATLIXCO, IZQ. AMADO NERVO, IZQ. BENITO JUAREZ, DER. MANUEL CA?AS, IZQ. MIGUEL HIDALGO, DER. GUADALUPE VICTORIA, IZQ. 5 DE MAYO, IZQ. MAURILIO MEJIA, DER. ALTA",16.941057719365542,2,M09-6005-1;M09-6005-2,2022-09-02,M09,unknown,no_verificado,no_verificado,,,,Trazo histórico: no implica operación vigente ni tecnología actual
M09-6016,37,METROPOLITANA ZAPOTITLA - METRO CONSTITUCION DE 1917,Metro Constitucion de 1917 - Metro politana Zapotitla,22.07123153549867,2,M09-6016-1;M09-6016-2,2022-09-02,M09,unknown,no_verificado,no_verificado,,,,Trazo histórico: no implica operación vigente ni tecnología actual
M09-6027,37,METRO CONSTITUCION DE 1917- HANK GONZALEZ EDIFICIOS 10 DE MAYO ESQ. MANUEL CA?AS,"ruta 37
regreso
Inicia		Acera Norte de Villa Franqueza  a 10 mts antes de la acera poniente de Manuel Ca?as
Izquierda		Manuel Ca?as
Izquierda		Villa Figueroa
Derecha		Villa Corta
Izquierda		Villa Federal
Continua		Santa Isabel
Derecha		Canal Isla
Izquier",9.524882937210212,2,M09-6027-1;M09-6027-2,2022-09-02,M09,unknown,no_verificado,no_verificado,,,,Trazo histórico: no implica operación vigente ni tecnología actual
M09-6038,37,"METRO CONSTITUCION DE 1917, LA ERA QUETZALCOATL,","regreso
ruta 37

Inicia		Frente al Mercado Agricola Metropolitana Jacobo de lieja
Derecha		Don Carlo
Izquierda		Nicolas Champion
Derecha		Carmen
Izquierda		Allegri
Derecha		Arabella
Derecha		Ave. Tlahuac
Izquierda		Juan de Dios Pesa
Izquierda		San Rafael",20.451934649421084,2,M09-6038-1;M09-6038-2,2022-09-02,M09,unknown,no_verificado,no_verificado,,,,Trazo histórico: no implica operación vigente ni tecnología actual
M09-6049,37,VILLA INFERIOR   A METRO CONSTITUCION DE 1917,"Regreso
Ruta 37

Inicia		Villa Fria esq. Villa Inferior
Recorrido		sobre  Villa Inferior
Derecha		Villa Cedro
Izquierda		Villa Hayes
Derecha		Manuel Ca?as
Izquierda		Morelos
Derecha		Maurilio Mejia
Izquierda		Cuauhtemoc
Izquierda		M. Altamirano
Derecha",10.841299938188007,2,M09-6049-1;M09-6049-2,2022-09-02,M09,unknown,no_verificado,no_verificado,,,,Trazo histórico: no implica operación vigente ni tecnología actual
M09-6060,37,"ARBOLEDAS, LA ESTACION, DEGOLLADO - METRO CONSTITUCION DE 1917","Metro Constitucion de 1917 - Arboledas, la Estacion, Degollado",21.810261499493876,2,M09-6060-1;M09-6060-2,2022-09-02,M09,unknown,no_verificado,no_verificado,,,,Trazo histórico: no implica operación vigente ni tecnología actual
M09-6071,37,SAN JOSE POR REFORMA POLITICA-METRO CONTITUCION  DE 1917,Metro Contitucion  de 1917 -.San Jose por Insuregentes,14.96356912112972,2,M09-6071-1;M09-6071-2,2022-09-02,M09,unknown,no_verificado,no_verificado,,,,Trazo histórico: no implica operación vigente ni tecnología actual
M09-6082,37,SAN JOSE -METRO CONTITUCION  DE 1917,Metro Contitucion  de 1917 - San Jose Por Reforma Politica,12.210682363900327,2,M09-6082-1;M09-6082-2,2022-09-02,M09,unknown,no_verificado,no_verificado,,,,Trazo histórico: no implica operación vigente ni tecnología actual
M09-6093,37,TENORIOS  METRO CONTITUCION  DE 1917,Tenorios  Metro Contitucion  de 1917,14.475335231555302,2,M09-6093-1;M09-6093-2,2022-09-02,M09,unknown,no_verificado,no_verificado,,,,Trazo histórico: no implica operación vigente ni tecnología actual
M09-6104,37,METRO CONSTITUCION - PARAJE,Metro Constitucion de 1917 - Paraje,13.702348269714257,2,M09-6104-1;M09-6104-2,2022-09-02,M09,unknown,no_verificado,no_verificado,,,,Trazo histórico: no implica operación vigente ni tecnología actual
M09-6115,37,"AURORITA, DEGOLLADO , MAGUEYERA - METRO CONSTITUCION DE 1917","Metro Constitucion de 1917 - Aurorita, Degollado , MAgueyera -",23.90026797154302,2,M09-6115-1;M09-6115-2,2022-09-02,M09,unknown,no_verificado,no_verificado,,,,Trazo histórico: no implica operación vigente ni tecnología actual
M09-6126,37,AVE. DE LAS TORRES Y LOMA CHICA--  PARADERO  DE -METRO CONSTITUCION DE 1917,"ruta 37

Incia		Anden ""G""de Metro Constitucion de 1917
Derecha		Ermita Iztapalapa
Derecha		Nardo
Izquierda		San Rafael Atlixco
Izquierda		Insurgentes
Izquierda		Justo Sierra
Derecha		Reforma Politica
Continua		Ave. Pozos
Izquierda		Camino Real
Derecha		N",6.909060204535461,1,M09-6126-1,2022-09-02,M09,unknown,no_verificado,no_verificado,,,,Trazo histórico: no implica operación vigente ni tecnología actual
M09-6135,37,"CABEZA DE JU?REZ - AGUA PRIETA, METRO CONSTITUCI?N DE 1917","ruta 37

PARTIENDO DE SU ZONA DE ASCENSO Y DESCENSO DE ORIGEN, POR GUELATAO, IZQ. BARINGUETO ANDRADE (SEBASTIAN BAC), VUELTA EN ""U"" A LA ALTURA DE LA CALLE JOSE ARMILLA B.CONT. BARINGUETO ANDRADE DIRECCI?N ORIENTE PONIENTE, IZQ. GUELATAO, DER. LUIS MENDE",2.9028820368936894,1,M09-6135-1,2022-09-02,M09,unknown,no_verificado,no_verificado,,,,Trazo histórico: no implica operación vigente ni tecnología actual
M09-6144,37,"CABEZA DE JU?REZ - RENOVACI?N, VICENTE GUERRERO, FRANCISCO VILLA","PARTIENDO DE SU ZONA DE ASCENSO Y DESCENSO DE ORIGEN, POR AV. GUELATAO, VUELTA EN ""U"" A LA ALTURA DE LA CALZ. IGNACIO ZARAGOZA CONT. AV. GUELATAO DIRECCION NORTE - SUR, DER. LUIS MENDEZ (Eje 6 Sur contraflujo), DER. CALLE 3, DER. CALLE 1, DER. CARLOS L.",6.274031566501784,1,M09-6144-1,2022-09-02,M09,unknown,no_verificado,no_verificado,,,,Trazo histórico: no implica operación vigente ni tecnología actual
M09-6153,37,FRANCISCO VILLA - METRO CONSTITUCI?N DE 1917,"PARTIENDO DE SU ZONA DE ASCENSO Y DESCENSO DE DESTINO, POR EL ANDEN ""F"", DER. CALZ. ERMITA IZTAPALAPA, DER. NARDO, IZQ. AV. TERRAPLEN DEL  F.F.C.C. SAN RAFAEL, DER. CALZ. DEL VERGEL CONT. ADOLFO RUIZ CORTINEZ, HASTA SU ZONA DE ASCENSO Y DESCENSO DE ORIGE",2.377492941955054,1,M09-6153-1,2022-09-02,M09,unknown,no_verificado,no_verificado,,,,Trazo histórico: no implica operación vigente ni tecnología actual
M09-6162,37,JUSTO SIERRA 10 DE MAYO  -  CLZA. ERMITA IZTAPALAPA,"RUTA 37

Inicia		Calle Puebla Esq. Con Morelos
Izquierda		Prol. Hidalgo
Derecha		Tamaulipas
Derecha		Jardines
Izquierda		Trigal
Derecha		Ave. Pozos
Izquierda		Villa Mayo
Continua		Justo Sierra y villa Frati
Termina		Clza. Ermita Iztapalapa Esq. Justo Sie",2.2936674067975136,1,M09-6162-1,2022-09-02,M09,unknown,no_verificado,no_verificado,,,,Trazo histórico: no implica operación vigente ni tecnología actual
M09-6171,37,MINAS - AEROPUERTO,"Ruta 37
 5. 600 KM",10.641436664068511,1,M09-6171-1,2022-09-02,M09,unknown,no_verificado,no_verificado,,,,Trazo histórico: no implica operación vigente ni tecnología actual
M09-6180,37,POZOS -- METRO BALBUENA,"RUTA 37

Inicia		Villa Franqueza Esq. Villa Gonzalo
Recorrido sobre		Ave. Pozos
Continua		Reforma Politica
Izquierda		Reforma Maritima
Continua		Javier Mina
Derecha		5 de Mayo
Derecha		Mariano Matamoros
Continua		Calle 17
Izquierda		Ave. 2
Derecha		Calle",17.393128816174443,1,M09-6180-1,2022-09-02,M09,unknown,no_verificado,no_verificado,,,,Trazo histórico: no implica operación vigente ni tecnología actual
M09-6189,37,TENORIOS-- METRO BALBUENA,"ruta 37

Inicia		Calle Clabazas Esq. Con Sauce
Derecha		Sauces
Izquierda		Prol. Consejo Urbano
Derecha		Prol. Consejo Urbano
Izquierda		Consejo Urbano
Derecha		Ave. De las Minas
Derecha		Pozos
Continua		Reforma Politica
Izquierda		Reforma Maritima
Contin",17.980276617886556,1,M09-6189-1,2022-09-02,M09,unknown,no_verificado,no_verificado,,,,Trazo histórico: no implica operación vigente ni tecnología actual
M09-6198,37,"METRO GUELATAO - CABEZA DE JUAREZ, CALZ. ZARAGOZA  VICENTE  GUERRERO- BACHILLERES","ruta 37

Inicia		Acera Oriente de Ave. Guelatao 10 mts antes de la Acera Sur de Cal. Ignacio Zaragoza col. Uni. Ejeto. De Oriente
Partiendo por 		Ave. Guelatao
Vuelta en ""U""		 a la altura de Ignacio Zaragoza
Continua		Ave. Guelatao Norte Sur
Derecha		Eje",5.607988360549155,1,M09-6198-1,2022-09-02,M09,unknown,no_verificado,no_verificado,,,,Trazo histórico: no implica operación vigente ni tecnología actual
M09-6207,37,METRO CONSTITUCI?N DE 1917 - FRANCISCO VILLA -,"PARTIENDO DE SU ZONA DE ASCENSO Y DESCENSO DE ORIGEN, POR ADOLFO RUIZ CORTINEZ CONT. CALZ. DEL VERGEL, IZQ. F.F.C.C. SAN RAFAEL ATLIXCO, IZQ. 5 DE MAYO, DER, ANILLO PERIFERICO, DER.CIRCUNDAR TREBOL DE INCORPORACION A LA CALZ. ERMITA IZTAPALAPA DE OTE. A",3.9192411736992288,1,M09-6207-1,2022-09-02,M09,unknown,no_verificado,no_verificado,,,,Trazo histórico: no implica operación vigente ni tecnología actual
M09-6216,39,ESTADIO AZTECA COL. PRIMAVERA,Estadio Azteca Col. Primavera,35.86936187271423,2,M09-6216-1;M09-6216-2,2022-09-02,M09,unknown,no_verificado,no_verificado,,,,Trazo histórico: no implica operación vigente ni tecnología actual
M09-6227,39,ESTADIO AZTECA CUCHILLA,Estadio Azteca - Cuchilla,25.696020894694126,2,M09-6227-1;M09-6227-2,2022-09-02,M09,unknown,no_verificado,no_verificado,,,,Trazo histórico: no implica operación vigente ni tecnología actual
M09-6238,4,TACUBAYA CUAJIMALPA,,30.045151005955287,2,M09-6238-1;M09-6238-2,2022-09-02,M09,unknown,no_verificado,no_verificado,,,,Trazo histórico: no implica operación vigente ni tecnología actual
M09-6249,4,TACUBAYA RETAMA,,27.330743729941517,2,M09-6249-1;M09-6249-2,2022-09-02,M09,unknown,no_verificado,no_verificado,,,,Trazo histórico: no implica operación vigente ni tecnología actual
M09-6260,4,TACUBAYA SALAZAR,Salazar - Tacubaya,63.06360750960284,2,M09-6260-1;M09-6260-2,2022-09-02,M09,unknown,no_verificado,no_verificado,,,,Trazo histórico: no implica operación vigente ni tecnología actual
M09-6271,4,TACUBAYA SAN FERNANDO,004 Tacubaya San Fernando,30.484026039878614,2,M09-6271-1;M09-6271-2,2022-09-02,M09,unknown,no_verificado,no_verificado,,,,Trazo histórico: no implica operación vigente ni tecnología actual
M09-6282,4,TACUBAYA SAN LORENZO ACOPILCO,Tacubaya San Lorenzo Acopilco,41.12013868903151,2,M09-6282-1;M09-6282-2,2022-09-02,M09,unknown,no_verificado,no_verificado,,,,Trazo histórico: no implica operación vigente ni tecnología actual
M09-6293,4,TACUBAYA SAN PEDRO CHIMALPA,,34.50620193998408,2,M09-6293-1;M09-6293-2,2022-09-02,M09,unknown,no_verificado,no_verificado,,,,Trazo histórico: no implica operación vigente ni tecnología actual
M09-6304,4,TACUBAYA SANTIAGO YANCUITLALPAN,Tacubaya Santaigo Yancuitlalpan,36.17738785268581,2,M09-6304-1;M09-6304-2,2022-09-02,M09,unknown,no_verificado,no_verificado,,,,Trazo histórico: no implica operación vigente ni tecnología actual
M09-6315,4,TACUBAYA TINAJAS,Tinajas - Tacubaya,20.3600606730421,2,M09-6315-1;M09-6315-2,2022-09-02,M09,unknown,no_verificado,no_verificado,,,,Trazo histórico: no implica operación vigente ni tecnología actual
M09-6326,4,CUAJIMALPA AHUATENCO,Ahuatenco - Cuajimalpa  (Local),3.306367714882622,2,M09-6326-1;M09-6326-2,2022-09-02,M09,unknown,no_verificado,no_verificado,,,,Trazo histórico: no implica operación vigente ni tecnología actual
M09-6337,4,CUAJIMALPA HUIZACHITO,,9.665229955295063,2,M09-6337-1;M09-6337-2,2022-09-02,M09,unknown,no_verificado,no_verificado,,,,Trazo histórico: no implica operación vigente ni tecnología actual
M09-6348,4,CUAJIMALPA LOMA DEL PADRE,,8.072833848450157,2,M09-6348-1;M09-6348-2,2022-09-02,M09,unknown,no_verificado,no_verificado,,,,Trazo histórico: no implica operación vigente ni tecnología actual
M09-6359,4,CUAJIMALPA MANZANIASTITLAN,Cuajimalpa - Manzanastiitlan,3.7174888598464513,2,M09-6359-1;M09-6359-2,2022-09-02,M09,unknown,no_verificado,no_verificado,,,,Trazo histórico: no implica operación vigente ni tecnología actual
M09-6370,4,CUAJIMALPA SAN ANTONIO,Cuajimalpa - San Antonio,3.0960556764990343,2,M09-6370-1;M09-6370-2,2022-09-02,M09,unknown,no_verificado,no_verificado,,,,Trazo histórico: no implica operación vigente ni tecnología actual
M09-6381,4,CUAJIMALPA SANTA ROSA,Cuajimalpa - Santa Rosa Xochiac,22.628722037140236,2,M09-6381-1;M09-6381-2,2022-09-02,M09,unknown,no_verificado,no_verificado,,,,Trazo histórico: no implica operación vigente ni tecnología actual
M09-6392,4,SAN FERNANDO CUAJIMALPA,Cuajimalpa - San Fernando,5.200093916067744,2,M09-6392-1;M09-6392-2,2022-09-02,M09,unknown,no_verificado,no_verificado,,,,Trazo histórico: no implica operación vigente ni tecnología actual
M09-6403,4,SAN FERNANDO NAVIDAD TACUBAYA,SAN FERNANDO / NAVIDAD - TACUBAYA,30.16068661587817,2,M09-6403-1;M09-6403-2,2022-09-02,M09,unknown,no_verificado,no_verificado,,,,Trazo histórico: no implica operación vigente ni tecnología actual
M09-6414,4,TACUBAYA HUIXQUILUCAN,HUIXQUILUCAN - TACUBAYA,51.12702162492105,2,M09-6414-1;M09-6414-2,2022-09-02,M09,unknown,no_verificado,no_verificado,,,,Trazo histórico: no implica operación vigente ni tecnología actual
M09-6425,4,MEMETLA RETAMA,MEMETLA - RETAMA,17.43541923626447,2,M09-6425-1;M09-6425-2,2022-09-02,M09,unknown,no_verificado,no_verificado,,,,Trazo histórico: no implica operación vigente ni tecnología actual
M09-6436,4,OBSERVATORIO SAN FERNANDO,,27.630815405962903,2,M09-6436-1;M09-6436-2,2022-09-02,M09,unknown,no_verificado,no_verificado,,,,Trazo histórico: no implica operación vigente ni tecnología actual
M09-6447,40,BELBEREDE - ESTADIO AZTECA,PARADERO ESTADIO AZTECA  -  BELVEDERE Cierre de circuito,28.16421653968698,2,M09-6447-1;M09-6447-2,2022-09-02,M09,unknown,no_verificado,no_verificado,,,,Trazo histórico: no implica operación vigente ni tecnología actual
M09-6458,40,COL. PRIMAVERA- ESTADIO AZTECA,COL. PRIMAVERA PARADERO ESTADIO AZTECA,28.465486967677133,2,M09-6458-1;M09-6458-2,2022-09-02,M09,unknown,no_verificado,no_verificado,,,,Trazo histórico: no implica operación vigente ni tecnología actual
M09-6469,40,CUCHILLA ESTADIO AZTECA,CUCHILLA  PARADERO ESTADIO AZTECA  -,23.88233258018326,2,M09-6469-1;M09-6469-2,2022-09-02,M09,unknown,no_verificado,no_verificado,,,,Trazo histórico: no implica operación vigente ni tecnología actual
M09-6480,40,TORRES ESTADIO - AZTECA,PARADERO ESTADIO AZTECA  -  CARRETERA Y TORRES,27.597549894373337,2,M09-6480-1;M09-6480-2,2022-09-02,M09,unknown,no_verificado,no_verificado,,,,Trazo histórico: no implica operación vigente ni tecnología actual
M09-6491,41,METRO MIGUEL ?NGEL DE QUEVEDO - TANQUE AZUL,"PARTIENDO DE SU ZONA DE ASCENSO Y DESCENSO DE ORIGEN CONTIN?A AV. UNIVERSIADAD, IZQ. MIGUEL ANGEL DEQUEVEDO, IZQ. AV. INSURGENTES SUR, DER. RIO MAGDALENA (Eje 10 Sur), IZQ, BLVR. ADOLFO LOPEZ MATEOS CONTIN?A BLVR. ADOLFO RUIZ CORTINES (Anillo Perif?rico)",24.602143923307136,2,M09-6491-1;M09-6491-2,2022-09-02,M09,unknown,no_verificado,no_verificado,,,,Trazo histórico: no implica operación vigente ni tecnología actual
M09-6502,41,SAN ÁNGEL - TANQUE AZUL,"PARTIENDO DE SU ZONA DE ASCENSO Y DESCENSO DE ORIGEN, DER. LA PAZ, IZQ. AV. INSURGENTES SUR, DER. AV. COPILCO CONTIN?A RIO MAGDALENA (Eje 10 Sur), IZQ, BLVR. ADOLFO LOPEZ MATEOS CONTIN?A BLVR. ADOLFO RUIZ CORTINES (Anillo Perif?rico), DER. CAMINO A SANTA",22.098200203547123,2,M09-6502-1;M09-6502-2,2022-09-02,M09,unknown,no_verificado,no_verificado,,,,Trazo histórico: no implica operación vigente ni tecnología actual
M09-6513,41,PEDREGAL- METRO MIGUEL ?NGEL DE QUEVEDO,"PARTIENDO DE SU ZONA DE ASCENSO Y DESCENSO DE DESTINO CONTIN?A HOMUN, IZQ. MANI, DER. SINANCHE, IZQ. KOPOMA, DER. OPICHEN, IZQ. HAMPOLOL CONTIN?A MORELOS, IZQ. CANAL DE CONTRERAS, DER. CAMINO REAL DE CONTRERAS, DER. FELIPE ANGELES, IZQ. ALFONSO PRIANI, I",26.628565687382828,2,M09-6513-1;M09-6513-2,2022-09-02,M09,unknown,no_verificado,no_verificado,,,,Trazo histórico: no implica operación vigente ni tecnología actual
M09-6524,41,PEDREGAL-SAN ANGEL,"PARTIENDO DE SU ZONA DE ASCENSO Y DESCENSO DE DESTINO CONTIN?A DZEMUL, IZQ. CHUBURNA, DER. TIXMEHUAC, IZQ. TETIZ, DER. POPOLMAH, IZQ. HAMPOLOL CONTIN?A MORELOS, IZQ. CANAL DE CONTRERAS, DER. CAMINO REAL DE CONTRERAS, DER. FELIPE ANGELES, IZQ. ALFONSO PRI",24.093407586593422,2,M09-6524-1;M09-6524-2,2022-09-02,M09,unknown,no_verificado,no_verificado,,,,Trazo histórico: no implica operación vigente ni tecnología actual
M09-6535,41,MIGUEL ÁNGEL DE QUEVEDO - 2 DE OCTUBRE,"PARTIENDO DE SU ZONA DE ASCENSO Y DESCENSO DE ORIGEN CONTIN?A AV. UNIVERSIDAD, IZQ. MIGUEL ANGEL DE QUEVEDO, IZQ. AV. INSURGENTES SUR, DER. RIO MAGDALENA (Eje 10 Sur), IZQ. BLVRD. RUIZ CORTINEZ (Anillo Perif?rico), DER. CAMINO A SANTA TERESA CONTIN?A AV.",26.040986597112333,2,M09-6535-1;M09-6535-2,2022-09-02,M09,unknown,no_verificado,no_verificado,,,,Trazo histórico: no implica operación vigente ni tecnología actual
M09-6546,41,MIGUEL ÁNGEL DE QUEVEDO - SINANCHE,"PARTIENDO DE SU ZONA DE ASCENSO Y DESCENSO DE ORIGEN CONTIN?A AV. UNIVERSIDAD, IZQ. MIGUEL ANGEL DE QUEVEDO, IZQ. AV. INSURGENTES SUR, DER. RIO MAGDALENA (Eje 10 Sur), IZQ. BLVRD. RUIZ CORTINEZ (Anillo Perif?rico), DER. CAMINO A SANTA TERESA CONTIN?A AV.",22.503758768489032,2,M09-6546-1;M09-6546-2,2022-09-02,M09,unknown,no_verificado,no_verificado,,,,Trazo histórico: no implica operación vigente ni tecnología actual
M09-6557,41,SAN ANGEL - SINANCHE,"PARTIENDO DE SU BASE DE ASCENSO Y DESCENSO DE ORIGEN, DER. AV. LA PAZ, IZQ. INSURGENTES SUR, DER. RIO MAGDALENA (Eje 10 Sur), IZQ, BLVR. ADOLFO LOPEZ MATEOS CONTIN?A BLVR. ADOLFO RUIZ CORTINES (Anillo Perif?rico), DER. CAMINO A SANTA TERESA, IZQ. AV. MEX",19.80032080146308,2,M09-6557-1;M09-6557-2,2022-09-02,M09,unknown,no_verificado,no_verificado,,,,Trazo histórico: no implica operación vigente ni tecnología actual
M09-6568,41,SAN ANGEL - TORRES DE PADIERNA,"PARTIENDO DE SU ZONA DE ASCENSO Y DESCENSO DE ORIGEN, DER. AV. REVOLUCION VUELTA EN ""U"" A LA ALTURA DE LA PAZ PAR CONTINUAR POR AV. REVOLUCION DIRECCION NTE.-SUR, DER. RIO MAGDALENA (Eje 10 Sur), IZQ, BLVR. ADOLFO LOPEZ MATEOS CONTIN?A BLVR. ADOLFO RUIZ",19.654502833860235,2,M09-6568-1;M09-6568-2,2022-09-02,M09,unknown,no_verificado,no_verificado,,,,Trazo histórico: no implica operación vigente ni tecnología actual
M09-6579,41,TORRES DE PADIERNA. MIGUEL ÁNGEL DE QUEVEDO,"PARTIENDO DE SU ZONA DE ASCENSO Y DESCENSO DE DESTINO VUELTA EN ""U"" A LA ALTURA DE TIZIMIN CONTIN?A CHICOASEN, IZQ. OPICHEN, DER. PROL. MORELOS, IZQ. CANAL CONTRERAS, DER. CAMINO REAL DE CONTRERAS, DER. FELIPE ANGELES, IZQ. ALFOSO PRIANI, IZQ. PACHUCA, D",11.072131496260049,1,M09-6579-1,2022-09-02,M09,unknown,no_verificado,no_verificado,,,,Trazo histórico: no implica operación vigente ni tecnología actual
M09-6588,42,SAN ÁNGEL - AHUATLA,"PARTIENDO DE SU BASE DE ASCENSO Y DESCENSO DE ORIGEN, IZQ. REVOLUCION, DER. CUAUHTEMOC, IZQ. FRANCISCO I. MADERO CONTIN?A FRONTERA, DER. VERACRUZ, IZQ. PUEBLA, DER. TOLUCA, IZQ. BLVR. ADOLFO LOPEZ MATEOS (Anillo Perif?rico), DER. PASEO DE LA MAGDALENA CO",17.98171184998695,2,M09-6588-1;M09-6588-2,2022-09-02,M09,unknown,no_verificado,no_verificado,,,,Trazo histórico: no implica operación vigente ni tecnología actual
M09-6599,42,SAN ÁNGEL - OJO DE AGUA,"PARTIENDO DE SU BASE DE ASCENSO Y DESCENSO DE ORIGEN, IZQ. REVOLUCION, DER. CUAUHTEMOC, IZQ. FRANCISCO I. MADERO CONTIN?A FRONTERA, DER. VERACRUZ, IZQ. PUEBLA, DER. TOLUCA, IZQ. BLVR. ADOLFO LOPEZ MATEOS (Anillo Perif?rico), DER. PASEO DE LA MAGDALENA CO",24.07833834881988,2,M09-6599-1;M09-6599-2,2022-09-02,M09,unknown,no_verificado,no_verificado,,,,Trazo histórico: no implica operación vigente ni tecnología actual
M09-6610,42,SAN ÁNGEL - SAN BERNABÉ,"PARTIENDO DE SU BASE DE ASCENSO Y DESCENSO DE ORIGEN, IZQ. REVOLUCION, DER. CUAUHTEMOC, IZQ. FRANCISCO I. MADERO CONTIN?A FRONTERA, DER. VERACRUZ, IZQ. PUEBLA, DER. TOLUCA, IZQ. BLVR. ADOLFO LOPEZ MATEOS (Anillo Perif?rico), DER. PASEO DE LA MAGDALENA CO",11.474862059893441,1,M09-6610-1,2022-09-02,M09,unknown,no_verificado,no_verificado,,,,Trazo histórico: no implica operación vigente ni tecnología actual
M09-6619,42,METRO VIVEROS - TIERRA UNIDAD POR MEMBRILLO,"PARTIENDO DE SU ZONA DE ASCENSO Y DESCENSO DE ORIGEN, VUELTA EN ""U"" A LA ALTURA DE HORTENSIA PARA CONTINUAR POR AV. UNIVERSIDAD DIRECCI?N NTE.-SUR, DER. VITO ALESSIO ROBLES, DER. TECOYOTITLA, IZQ. LATERAL NTE. DE VITO ALESSIO ROBLES, IZQ. AV. INSURGENTES",15.985085482117348,1,M09-6619-1,2022-09-02,M09,unknown,no_verificado,no_verificado,,,,Trazo histórico: no implica operación vigente ni tecnología actual
M09-6628,44,CANAL SAN PABLO - TULYEHUALCO,044 Canal San Pablo - Tulyehualco,60.78186373504285,2,M09-6628-1;M09-6628-2,2022-09-02,M09,unknown,no_verificado,no_verificado,,,,Trazo histórico: no implica operación vigente ni tecnología actual
M09-6639,44,TAXQUE?A - NOPALERA,044 NOPALERA - TAXQUE?A,25.625287113602432,2,M09-6639-1;M09-6639-2,2022-09-02,M09,unknown,no_verificado,no_verificado,,,,Trazo histórico: no implica operación vigente ni tecnología actual
M09-6650,44,METRO TAXQUE?A  - ZAPOTITLA / COL. LA CONCHITA,R-44 LA CONCHITA -  METRO TAXQUE?A,31.307184716776145,2,M09-6650-1;M09-6650-2,2022-09-02,M09,unknown,no_verificado,no_verificado,,,,Trazo histórico: no implica operación vigente ni tecnología actual
M09-6661,44,TAXQUE?A - TLAHUAC,R-44 TAXQUE?A - TLAHUAC,40.40956594503377,2,M09-6661-1;M09-6661-2,2022-09-02,M09,unknown,no_verificado,no_verificado,,,,Trazo histórico: no implica operación vigente ni tecnología actual
M09-6672,44,TAXQUE?A - TULYEHUALCO,R-44 TAXQUE?A - TULYEHUALCO,42.71692842718506,2,M09-6672-1;M09-6672-2,2022-09-02,M09,unknown,no_verificado,no_verificado,,,,Trazo histórico: no implica operación vigente ni tecnología actual
M09-6683,44,TULYEHUALCO - MINERVA CIERRE DE CIRCUITO,044 Tulyehualco - MINERVA,40.96715844805505,2,M09-6683-1;M09-6683-2,2022-09-02,M09,unknown,no_verificado,no_verificado,,,,Trazo histórico: no implica operación vigente ni tecnología actual
M09-6694,44,TULYEHUALCO - MINERVA,044 Minerva - Tulyehualco,40.6774710965398,2,M09-6694-1;M09-6694-2,2022-09-02,M09,unknown,no_verificado,no_verificado,,,,Trazo histórico: no implica operación vigente ni tecnología actual
M09-6705,46,METRO TACUBAYA - JALALPA / LAS TORRES,Mercado Becerra Jalalpa las Torres,17.203601448245546,2,M09-6705-1;M09-6705-2,2022-09-02,M09,unknown,no_verificado,no_verificado,,,,Trazo histórico: no implica operación vigente ni tecnología actual
M09-6716,46,METRO TACUBAYA - LA MEXICANA,Metro Tacubaya- la Mexicana,14.407081140453334,2,M09-6716-1;M09-6716-2,2022-09-02,M09,unknown,no_verificado,no_verificado,,,,Trazo histórico: no implica operación vigente ni tecnología actual
M09-6727,46,METRO TACUBAYA -  LOCAL PRESIDENTE,Metro Tacubaya - Local Presidente,14.127320631610067,2,M09-6727-1;M09-6727-2,2022-09-02,M09,unknown,no_verificado,no_verificado,,,,Trazo histórico: no implica operación vigente ni tecnología actual
M09-6738,46,METRO TACUBAYA -  PILOTO PRESIDENTE,Metro Tacubaya - Piloto Presidente,16.485293833321418,2,M09-6738-1;M09-6738-2,2022-09-02,M09,unknown,no_verificado,no_verificado,,,,Trazo histórico: no implica operación vigente ni tecnología actual
M09-6749,46,METRO TACUBAYA -  RIO SAN BORJA,Metro Tacubaya - Rio San Borja,13.889444112990335,2,M09-6749-1;M09-6749-2,2022-09-02,M09,unknown,no_verificado,no_verificado,,,,Trazo histórico: no implica operación vigente ni tecnología actual
M09-6760,46,METRO TACUBAYA - EL PIRUL,Metro Tacubaya - El Pirul,13.630597014154683,2,M09-6760-1;M09-6760-2,2022-09-02,M09,unknown,no_verificado,no_verificado,,,,Trazo histórico: no implica operación vigente ni tecnología actual
M09-6771,49,ERMITA - XOLA,049 XOLA - ERMITA,10.43611001452223,2,M09-6771-1;M09-6771-2,2022-09-02,M09,unknown,no_verificado,no_verificado,,,,Trazo histórico: no implica operación vigente ni tecnología actual
M09-6782,49,METRO XOLA - PANTITLAN,049 METRO XOLA - ZARAGOZA,36.89867631394363,2,M09-6782-1;M09-6782-2,2022-09-02,M09,unknown,no_verificado,no_verificado,,,,Trazo histórico: no implica operación vigente ni tecnología actual
M09-6793,49,COYUYA - ERMITA,Metro Coyuya - Ermita,12.127323394722632,2,M09-6793-1;M09-6793-2,2022-09-02,M09,unknown,no_verificado,no_verificado,,,,Trazo histórico: no implica operación vigente ni tecnología actual
M09-6804,5,OBSERVATORIO - CENTRO COMERCIAL SANTA FE POR BARROS SIERRA,,22.9590276538216,2,M09-6804-1;M09-6804-2,2022-09-02,M09,unknown,no_verificado,no_verificado,,,,Trazo histórico: no implica operación vigente ni tecnología actual
M09-6815,5,TACUBAYA - CILANTRO,,18.489700729001683,2,M09-6815-1;M09-6815-2,2022-09-02,M09,unknown,no_verificado,no_verificado,,,,Trazo histórico: no implica operación vigente ni tecnología actual
M09-6826,5,TACUBAYA - KM 13,,23.035608719360877,2,M09-6826-1;M09-6826-2,2022-09-02,M09,unknown,no_verificado,no_verificado,,,,Trazo histórico: no implica operación vigente ni tecnología actual
M09-6837,5,TACUBAYA - SAMS CLUB,,24.843802187999934,2,M09-6837-1;M09-6837-2,2022-09-02,M09,unknown,no_verificado,no_verificado,,,,Trazo histórico: no implica operación vigente ni tecnología actual
M09-6848,5,TACUBAYA - SANTA FE ABC EXPRESS,,27.2696182464302,2,M09-6848-1;M09-6848-2,2022-09-02,M09,unknown,no_verificado,no_verificado,,,,Trazo histórico: no implica operación vigente ni tecnología actual
M09-6859,5,TACUBAYA - SANTA FE ABC,,27.2696182464302,2,M09-6859-1;M09-6859-2,2022-09-02,M09,unknown,no_verificado,no_verificado,,,,Trazo histórico: no implica operación vigente ni tecnología actual
M09-6870,5,TACUBAYA - SANTA FE - LA LOMA,,20.805129226530227,2,M09-6870-1;M09-6870-2,2022-09-02,M09,unknown,no_verificado,no_verificado,,,,Trazo histórico: no implica operación vigente ni tecnología actual
M09-6881,5,TACUBAYA - SANTA ROSA,,37.0150617894859,2,M09-6881-1;M09-6881-2,2022-09-02,M09,unknown,no_verificado,no_verificado,,,,Trazo histórico: no implica operación vigente ni tecnología actual
M09-6892,5,SANTA ROSA - EL YAQUI,YAQUI - Santa Rosa Xochiac,22.628722037140236,2,M09-6892-1;M09-6892-2,2022-09-02,M09,unknown,no_verificado,no_verificado,,,,Trazo histórico: no implica operación vigente ni tecnología actual
M09-6903,5,OBSERVATORIO - SAMS,,22.181117770164384,2,M09-6903-1;M09-6903-2,2022-09-02,M09,unknown,no_verificado,no_verificado,,,,Trazo histórico: no implica operación vigente ni tecnología actual
M09-6914,5,SANTA FE HOTEL DE MEXICO,,14.37123613986978,1,M09-6914-1,2022-09-02,M09,unknown,no_verificado,no_verificado,,,,Trazo histórico: no implica operación vigente ni tecnología actual
M09-6923,50,"CENTRO DE  TLAHUAC HABANA , SAN JOSE, SAN TA CECILIA  CETRAM TLAHUAC","RUTA 50
INICIO",11.728836119111625,2,M09-6923-1;M09-6923-2,2022-09-02,M09,unknown,no_verificado,no_verificado,,,,Trazo histórico: no implica operación vigente ni tecnología actual
M09-6934,50,CENTRO-  TLAHUAC - SAN JOSE,"RUTA 50
INICIO",7.518698667886223,2,M09-6934-1;M09-6934-2,2022-09-02,M09,unknown,no_verificado,no_verificado,,,,Trazo histórico: no implica operación vigente ni tecnología actual
M09-6945,50,CETRAN TLAHUAC - SAN JOSE,"RUTA 50
INICIO",10.401884736085629,2,M09-6945-1;M09-6945-2,2022-09-02,M09,unknown,no_verificado,no_verificado,,,,Trazo histórico: no implica operación vigente ni tecnología actual
M09-6956,50,COLONIA DEL MAR COL DEL LLANO,,32.30479694699078,2,M09-6956-1;M09-6956-2,2022-09-02,M09,unknown,no_verificado,no_verificado,,,,Trazo histórico: no implica operación vigente ni tecnología actual
M09-6967,50,METRO GENERAL ANAYA -MIXQUIC,RUTA 50,84.32700411106043,2,M09-6967-1;M09-6967-2,2022-09-02,M09,unknown,no_verificado,no_verificado,,,,Trazo histórico: no implica operación vigente ni tecnología actual
M09-6978,50,METRO GENERAL ANAYA - COL DEL MAR,INICIO RUTA 50,38.05405053575688,2,M09-6978-1;M09-6978-2,2022-09-02,M09,unknown,no_verificado,no_verificado,,,,Trazo histórico: no implica operación vigente ni tecnología actual
M09-6989,50,METRO GENERAL ANAYA - TULYEHUALCO - AYOTZINGO,"RUTA 50
REGRESO",87.22702618438532,2,M09-6989-1;M09-6989-2,2022-09-02,M09,unknown,no_verificado,no_verificado,,,,Trazo histórico: no implica operación vigente ni tecnología actual
M09-7000,50,METRO GENERAL - ANAYA PE?A ALTA,INICIO RUTA 50,63.581408566355954,2,M09-7000-1;M09-7000-2,2022-09-02,M09,unknown,no_verificado,no_verificado,,,,Trazo histórico: no implica operación vigente ni tecnología actual
M09-7011,50,QUIAHUATLA - SAN SEBASTIAN TULYEHUALCO,"RUTA 50
REGRESO",5.614024889134738,2,M09-7011-1;M09-7011-2,2022-09-02,M09,unknown,no_verificado,no_verificado,,,,Trazo histórico: no implica operación vigente ni tecnología actual
M09-7022,50,TULYEHUALCO- AYOTZINGO,"RUTA 50
INICIO",32.49553393826327,2,M09-7022-1;M09-7022-2,2022-09-02,M09,unknown,no_verificado,no_verificado,,,,Trazo histórico: no implica operación vigente ni tecnología actual
M09-7033,50,TULYEHUALCO - CHALCO,"inicio
Ruta 50",34.970906571867296,2,M09-7033-1;M09-7033-2,2022-09-02,M09,unknown,no_verificado,no_verificado,,,,Trazo histórico: no implica operación vigente ni tecnología actual
M09-7044,50,VILLA DEL LOS TRABAJADORES -  METRO NOPALERA,,8.060563605342473,2,M09-7044-1;M09-7044-2,2022-09-02,M09,unknown,no_verificado,no_verificado,,,,Trazo histórico: no implica operación vigente ni tecnología actual
M09-7055,50,CETRAM TLAHUAC - MIXQUIC,,26.56640435416643,2,M09-7055-1;M09-7055-2,2022-09-02,M09,unknown,no_verificado,no_verificado,,,,Trazo histórico: no implica operación vigente ni tecnología actual
M09-7066,50,AYOTZINGO-  CETRAM TLAHUAC,RUTA 50,16.7330592650348,1,M09-7066-1,2022-09-02,M09,unknown,no_verificado,no_verificado,,,,Trazo histórico: no implica operación vigente ni tecnología actual
M09-7075,51,CLINICA 25 - COVARRUBIAS,,44.93291043874845,2,M09-7075-1;M09-7075-2,2022-09-02,M09,unknown,no_verificado,no_verificado,,,,Trazo histórico: no implica operación vigente ni tecnología actual
M09-7086,51,CLINICA 25 - MARIA ISABEL,,41.39328586767103,2,M09-7086-1;M09-7086-2,2022-09-02,M09,unknown,no_verificado,no_verificado,,,,Trazo histórico: no implica operación vigente ni tecnología actual
M09-7097,51,CLINICA 25 - TULYEHUALCO,,57.36894588337418,2,M09-7097-1;M09-7097-2,2022-09-02,M09,unknown,no_verificado,no_verificado,,,,Trazo histórico: no implica operación vigente ni tecnología actual
M09-7108,51,PARADERO SANTA MARTHA - COVARRUBIAS,,25.173035741649404,2,M09-7108-1;M09-7108-2,2022-09-02,M09,unknown,no_verificado,no_verificado,,,,Trazo histórico: no implica operación vigente ni tecnología actual
M09-7119,51,PARADERO SANTA MARTHA - MARIA ISABEL,,21.619009583907463,2,M09-7119-1;M09-7119-2,2022-09-02,M09,unknown,no_verificado,no_verificado,,,,Trazo histórico: no implica operación vigente ni tecnología actual
M09-7130,51,PARADERO SANTA MARTHA - TLALTENCO,,31.363873472547326,2,M09-7130-1;M09-7130-2,2022-09-02,M09,unknown,no_verificado,no_verificado,,,,Trazo histórico: no implica operación vigente ni tecnología actual
M09-7141,51,PARADERO SANTA MARTHA - TULYEHUALCO,,37.63450119337197,2,M09-7141-1;M09-7141-2,2022-09-02,M09,unknown,no_verificado,no_verificado,,,,Trazo histórico: no implica operación vigente ni tecnología actual
M09-7152,51,TLAHUAC - XICO MOCTEZUMA CANAL,,17.518386265676448,2,M09-7152-1;M09-7152-2,2022-09-02,M09,unknown,no_verificado,no_verificado,,,,Trazo histórico: no implica operación vigente ni tecnología actual
M09-7163,51,TLALTENCO - REYES - PARADERO SANTA MARTHA,,33.298887534863255,2,M09-7163-1;M09-7163-2,2022-09-02,M09,unknown,no_verificado,no_verificado,,,,Trazo histórico: no implica operación vigente ni tecnología actual
M09-7174,51,TLATENCO - TULYEHUALCO,,16.552140107474962,2,M09-7174-1;M09-7174-2,2022-09-02,M09,unknown,no_verificado,no_verificado,,,,Trazo histórico: no implica operación vigente ni tecnología actual
M09-7185,51,TLAHUAC - CHIMALPAIN MARQUEZA,R-51 Xico Vaca Hacienda Jardin Clinica 181 - tlahuac,15.877249368293134,2,M09-7185-1;M09-7185-2,2022-09-02,M09,unknown,no_verificado,no_verificado,,,,Trazo histórico: no implica operación vigente ni tecnología actual
M09-7196,51,TLAHUAC - LAS AMERICAS CURVA 24  TEZOZOMOC,R-51 tlahuac - Xico Vaca Hacienda Jardin Clinica 181,18.008019413421426,2,M09-7196-1;M09-7196-2,2022-09-02,M09,unknown,no_verificado,no_verificado,,,,Trazo histórico: no implica operación vigente ni tecnología actual
M09-7207,51,TLAHUAC - MERCADO MOCTEZUMA,R-51 tlahuac - Xico Vaca Hacienda Jardin Clinica 181,16.05669832462356,2,M09-7207-1;M09-7207-2,2022-09-02,M09,unknown,no_verificado,no_verificado,,,,Trazo histórico: no implica operación vigente ni tecnología actual
M09-7218,51,TLAHUAC - XICO VACA HACIENDA JARDIN CLINICA 181,R-51 tlahuac - Xico Vaca Hacienda Jardin Clinica 181,17.96510871546186,2,M09-7218-1;M09-7218-2,2022-09-02,M09,unknown,no_verificado,no_verificado,,,,Trazo histórico: no implica operación vigente ni tecnología actual
M09-7229,52,MERCADO DE COYOACAN - COL. HUAYAMILPAS,"MERCADO DE COYOACAN - COL. HUAYAMILPAS
COYOACAN",15.122904790255147,2,M09-7229-1;M09-7229-2,2022-09-02,M09,unknown,no_verificado,no_verificado,,,,Trazo histórico: no implica operación vigente ni tecnología actual
M09-7240,53,VIADUCTO CABEZA DE JUAREZ,CABEZA DE JUAREZ - VIADUCTO,27.984638175449756,2,M09-7240-1;M09-7240-2,2022-09-02,M09,unknown,no_verificado,no_verificado,,,,Trazo histórico: no implica operación vigente ni tecnología actual
M09-7251,53,VIADUCTO GUELATAO,GUELATAO - VIADUCTO,33.50075423502599,2,M09-7251-1;M09-7251-2,2022-09-02,M09,unknown,no_verificado,no_verificado,,,,Trazo histórico: no implica operación vigente ni tecnología actual
M09-7262,53,TEPALCATES  ? RENOVACI?N,,8.416025892092511,2,M09-7262-1;M09-7262-2,2022-09-02,M09,unknown,no_verificado,no_verificado,,,,Trazo histórico: no implica operación vigente ni tecnología actual
M09-7273,55,PUEBLO TULYEHUALCO COL. EL CARMEN,Col. El Carmen - Pueblo Tulyehualco,8.698797789518785,2,M09-7273-1;M09-7273-2,2022-09-02,M09,unknown,no_verificado,no_verificado,,,,Trazo histórico: no implica operación vigente ni tecnología actual
M09-7284,55,PUEBLO TULYEHUALCO COL. MONTE CARMELO,COL. MONTE CARMELO - PUEBLO TULYEHUALCO CENTRO,7.082300835236061,2,M09-7284-1;M09-7284-2,2022-09-02,M09,unknown,no_verificado,no_verificado,,,,Trazo histórico: no implica operación vigente ni tecnología actual
M09-7295,55,PUEBLO TULYEHUALCO COL. LAS MESITAS,COL. LAS MESITAS -PUEBLO TULYEHUALCO CENTRO,4.955758188854479,2,M09-7295-1;M09-7295-2,2022-09-02,M09,unknown,no_verificado,no_verificado,,,,Trazo histórico: no implica operación vigente ni tecnología actual
M09-7306,55,TULYEHUALCO LOS CERRILLOS,COL. LOS CERRILLOS - TULYEHUALCO,4.045211631478393,2,M09-7306-1;M09-7306-2,2022-09-02,M09,unknown,no_verificado,no_verificado,,,,Trazo histórico: no implica operación vigente ni tecnología actual
M09-7317,55,TULYEHUALCO SAN FELIPE 3? SECCION CERRILLOS,SAN FELIPE 3? SECCI?N CERRILLOS TULYEHUALCO,6.4216376827834,2,M09-7317-1;M09-7317-2,2022-09-02,M09,unknown,no_verificado,no_verificado,,,,Trazo histórico: no implica operación vigente ni tecnología actual
M09-7328,55,TULYEHUALCO XOCHIMILCO CENTRO,PUEBLO TULYEHUALCO CENTRO - XOCHIMILCO CENTRO,27.492889158613156,2,M09-7328-1;M09-7328-2,2022-09-02,M09,unknown,no_verificado,no_verificado,,,,Trazo histórico: no implica operación vigente ni tecnología actual
M09-7339,55,XOCHIMILCO EL CARMEN,XOCHIMILCO CENTRO- EL CARMEN,26.905603761301755,2,M09-7339-1;M09-7339-2,2022-09-02,M09,unknown,no_verificado,no_verificado,,,,Trazo histórico: no implica operación vigente ni tecnología actual
M09-7350,55,LOCAL TULYEHUALCO LA LOMA,la Loma - tulyehualco,3.2646888490087016,2,M09-7350-1;M09-7350-2,2022-09-02,M09,unknown,no_verificado,no_verificado,,,,Trazo histórico: no implica operación vigente ni tecnología actual
M09-7361,56,LA ESTACION A TAXQUEÑA,,7.227353758502528,2,M09-7361-1;M09-7361-2,2022-09-02,M09,unknown,no_verificado,no_verificado,,,,Trazo histórico: no implica operación vigente ni tecnología actual
M09-7372,56,26-FEB-09,,2.068767902732948,1,M09-7372-1,2022-09-02,M09,unknown,no_verificado,no_verificado,,,,Trazo histórico: no implica operación vigente ni tecnología actual
M09-7381,56,RUTA SIN TÍTULO,,0.5180792843579038,1,M09-7381-1,2022-09-02,M09,unknown,no_verificado,no_verificado,,,,Trazo histórico: no implica operación vigente ni tecnología actual
M09-7390,58,BOSQUE DE ARAG?N- M. POTRERO,Metro potrero - Bosque de Arag?n,20.439849872427747,2,M09-7390-1;M09-7390-2,2022-09-02,M09,unknown,no_verificado,no_verificado,,,,Trazo histórico: no implica operación vigente ni tecnología actual
M09-7401,58,CARRETONES - TEPITO,Carretones - Tepito CC,7.938365823496275,2,M09-7401-1;M09-7401-2,2022-09-02,M09,unknown,no_verificado,no_verificado,,,,Trazo histórico: no implica operación vigente ni tecnología actual
M09-7412,58,CEYLAN-SAN JUAN DE ARAGON,Ceylan-San Juan de Aragon,32.64657833197984,2,M09-7412-1;M09-7412-2,2022-09-02,M09,unknown,no_verificado,no_verificado,,,,Trazo histórico: no implica operación vigente ni tecnología actual
M09-7423,58,CINE SONORA VERGEL DE GUADALUPE,Vergel de Guadalupe - Cine Sonora,30.697640335321644,2,M09-7423-1;M09-7423-2,2022-09-02,M09,unknown,no_verificado,no_verificado,,,,Trazo histórico: no implica operación vigente ni tecnología actual
M09-7434,58,GERTRUDIS S?NCHEZ- M. POTRERO,Gertrudis Sanchez - M. potrero,8.842274327107543,2,M09-7434-1;M09-7434-2,2022-09-02,M09,unknown,no_verificado,no_verificado,,,,Trazo histórico: no implica operación vigente ni tecnología actual
M09-7445,58,M.BALBUENA- SN FELIPE,R-58 M.Balbuena- Sn Felipe,20.65600242670942,2,M09-7445-1;M09-7445-2,2022-09-02,M09,unknown,no_verificado,no_verificado,,,,Trazo histórico: no implica operación vigente ni tecnología actual
M09-7456,58,METRO E. MOLINA - METRO POTRERO,M. Molina - Metro potrero,13.160557062532655,2,M09-7456-1;M09-7456-2,2022-09-02,M09,unknown,no_verificado,no_verificado,,,,Trazo histórico: no implica operación vigente ni tecnología actual
M09-7467,58,METRO POTRERO-AV. 606,R-58 M. potrero - Av. 606,19.238061735543678,2,M09-7467-1;M09-7467-2,2022-09-02,M09,unknown,no_verificado,no_verificado,,,,Trazo histórico: no implica operación vigente ni tecnología actual
M09-7478,58,PRADERA - M. BASILICA,METRO BASILICA - PRADERA,21.18655501121434,2,M09-7478-1;M09-7478-2,2022-09-02,M09,unknown,no_verificado,no_verificado,,,,Trazo histórico: no implica operación vigente ni tecnología actual
M09-7489,58,PRADERA - METRO LA VILLA,R-58 Pradera - Metro La Villa,17.883698579342436,2,M09-7489-1;M09-7489-2,2022-09-02,M09,unknown,no_verificado,no_verificado,,,,Trazo histórico: no implica operación vigente ni tecnología actual
M09-7500,58,SAN FELIPE - SONORA,R-58 San Felipe - Sonora,28.003113828167486,2,M09-7500-1;M09-7500-2,2022-09-02,M09,unknown,no_verificado,no_verificado,,,,Trazo histórico: no implica operación vigente ni tecnología actual
M09-7511,58,SANTA ANITA - VERGEL,Santa Anita - Vergel de Guadalupe,34.277726938428636,2,M09-7511-1;M09-7511-2,2022-09-02,M09,unknown,no_verificado,no_verificado,,,,Trazo histórico: no implica operación vigente ni tecnología actual
M09-7522,58,SANTA ANITA - VERGEL DE GUADALUPE X N. 72,Santa Anita - Vergel de Guadalupe x Norte 72,36.371884103843506,2,M09-7522-1;M09-7522-2,2022-09-02,M09,unknown,no_verificado,no_verificado,,,,Trazo histórico: no implica operación vigente ni tecnología actual
M09-7533,58,U.ARAGON AV. CENTRAL- M. CARRERA M. LA VILLA,R-58 U.Aragon Av. Central- M. Carrera M. la Villa,18.58937399951902,2,M09-7533-1;M09-7533-2,2022-09-02,M09,unknown,no_verificado,no_verificado,,,,Trazo histórico: no implica operación vigente ni tecnología actual
M09-7544,58,ZOCALO-SAN PEDRO EL CHICO POR GLZ ORTEGA,R-58 Zocalo - Sn Pedro El Chico por Glz Ortega,15.737934867657088,2,M09-7544-1;M09-7544-2,2022-09-02,M09,unknown,no_verificado,no_verificado,,,,Trazo histórico: no implica operación vigente ni tecnología actual
M09-7555,58,ZOCALO - SN PEDRO EL CHICO,R-58 Zocalo - Sn Pedro El Chico,17.28487570049202,2,M09-7555-1;M09-7555-2,2022-09-02,M09,unknown,no_verificado,no_verificado,,,,Trazo histórico: no implica operación vigente ni tecnología actual
M09-7566,60,CU CUCHILLA LOMAS HIDALGO,,23.037715700562384,2,M09-7566-1;M09-7566-2,2022-09-02,M09,unknown,no_verificado,no_verificado,,,,Trazo histórico: no implica operación vigente ni tecnología actual
M09-7577,60,CU LOMAS ALTAS,,23.747173010719358,2,M09-7577-1;M09-7577-2,2022-09-02,M09,unknown,no_verificado,no_verificado,,,,Trazo histórico: no implica operación vigente ni tecnología actual
M09-7588,60,CU LUCIO BLANCO,,14.493676261432947,2,M09-7588-1;M09-7588-2,2022-09-02,M09,unknown,no_verificado,no_verificado,,,,Trazo histórico: no implica operación vigente ni tecnología actual
M09-7599,60,"CU TORRES, COL. LOPEZ PORTILLO",,24.66707042563085,2,M09-7599-1;M09-7599-2,2022-09-02,M09,unknown,no_verificado,no_verificado,,,,Trazo histórico: no implica operación vigente ni tecnología actual
M09-7610,60,CU TORRES DE PADIERNA,,21.42531130537813,2,M09-7610-1;M09-7610-2,2022-09-02,M09,unknown,no_verificado,no_verificado,,,,Trazo histórico: no implica operación vigente ni tecnología actual
M09-7621,60,UNIVERSIDAD AMPLIACION MIGUEL HIDALGO,,24.595852682855973,2,M09-7621-1;M09-7621-2,2022-09-02,M09,unknown,no_verificado,no_verificado,,,,Trazo histórico: no implica operación vigente ni tecnología actual
M09-7632,60,VIVEROS AMPLIACION MIGUEL HIDALGO,,28.068735852925276,2,M09-7632-1;M09-7632-2,2022-09-02,M09,unknown,no_verificado,no_verificado,,,,Trazo histórico: no implica operación vigente ni tecnología actual
M09-7643,60,VIVEROS CUCHILLA LOMAS HIDALGO,,26.580208290613626,2,M09-7643-1;M09-7643-2,2022-09-02,M09,unknown,no_verificado,no_verificado,,,,Trazo histórico: no implica operación vigente ni tecnología actual
M09-7654,60,VIVEROS LOMAS ALTAS,,27.247996328691166,2,M09-7654-1;M09-7654-2,2022-09-02,M09,unknown,no_verificado,no_verificado,,,,Trazo histórico: no implica operación vigente ni tecnología actual
M09-7665,61,EL CARMEN XOCHIMILCO,Sin Regularizacion,26.988357945146976,2,M09-7665-1;M09-7665-2,2022-09-02,M09,unknown,no_verificado,no_verificado,,,,Trazo histórico: no implica operación vigente ni tecnología actual
M09-7676,61,XOCHIMILCO - MIXQUIC CIERRE DE CIRCUITO,"PARTIENDO DE SU BASE INICAIAL, IZQ. CUAUHTEMOC, DER, MORELOS CONTIN'UA PROL. 16 DE SEPTIEMBRE, IZQ. CARRETERA XOCHIMILCO TULYEHUALCO CONTIN?A AV. MEXICO CONTIN?A AV. MEXICO PTE. CONTIN?A AV. MEXICO OTE. CONTIN?A AV. 5 DE MAYO CONTIN?A FRANCISCO I. MADERO",21.67414996526182,1,M09-7676-1,2022-09-02,M09,unknown,no_verificado,no_verificado,,,,Trazo histórico: no implica operación vigente ni tecnología actual
M09-7685,62,INPI - TULYEHUALCO,TULYEHUALCO - INPI,14.045437532220392,2,M09-7685-1;M09-7685-2,2022-09-02,M09,unknown,no_verificado,no_verificado,,,,Trazo histórico: no implica operación vigente ni tecnología actual
M09-7696,62,METRO ACATITLA - PALMILLAS,METRO ACATITLA - PALMILLAS,14.389812987725737,2,M09-7696-1;M09-7696-2,2022-09-02,M09,unknown,no_verificado,no_verificado,,,,Trazo histórico: no implica operación vigente ni tecnología actual
M09-7707,62,SAN LAZARO TULYEHUALCO,SAN LAZARO - TULYEHUALCO,64.80792687594885,2,M09-7707-1;M09-7707-2,2022-09-02,M09,unknown,no_verificado,no_verificado,,,,Trazo histórico: no implica operación vigente ni tecnología actual
M09-7718,62,SAN LAZARO -  TLALTENCO,TLALTENCO -  SAN LAZARO,56.90631987810318,2,M09-7718-1;M09-7718-2,2022-09-02,M09,unknown,no_verificado,no_verificado,,,,Trazo histórico: no implica operación vigente ni tecnología actual
M09-7729,62,SORIANA - POBLANA,SORIANA - POBLANA,13.026809697062024,2,M09-7729-1;M09-7729-2,2022-09-02,M09,unknown,no_verificado,no_verificado,,,,Trazo histórico: no implica operación vigente ni tecnología actual
M09-7740,62,TLALTENCO - SELENE POR TEMPESTADES,R-62  SELENE POR TEMPESTADES - TLALTENCO,7.662840844104117,2,M09-7740-1;M09-7740-2,2022-09-02,M09,unknown,no_verificado,no_verificado,,,,Trazo histórico: no implica operación vigente ni tecnología actual
M09-7751,62,TLALTENGO - LOPEZ PORTILLO,TLALTENCO - LOPEZ PORTILLO,7.028584508774937,2,M09-7751-1;M09-7751-2,2022-09-02,M09,unknown,no_verificado,no_verificado,,,,Trazo histórico: no implica operación vigente ni tecnología actual
M09-7762,62,VIRGEN - LA CA?ADA,VIRGEN - LA CA?ADA,4.994779060998423,2,M09-7762-1;M09-7762-2,2022-09-02,M09,unknown,no_verificado,no_verificado,,,,Trazo histórico: no implica operación vigente ni tecnología actual
M09-7773,64,CENTRO DE SALUD CAPILLA LA  PRESA - LAVILLA FERROPLAZA,RUTA 64  POR PLAN,20.78983753189859,2,M09-7773-1;M09-7773-2,2022-09-02,M09,unknown,no_verificado,no_verificado,,,,Trazo histórico: no implica operación vigente ni tecnología actual
M09-7784,64,DIRECTO CENTRO DE SALUD CAPILLA LA  PRESA - LAVILLA FERROPLAZA,RUTA 64  DIRECTO,20.885834569302613,2,M09-7784-1;M09-7784-2,2022-09-02,M09,unknown,no_verificado,no_verificado,,,,Trazo histórico: no implica operación vigente ni tecnología actual
M09-7795,64,HUCHOLES PRESA - LAVILLA,,19.438757861683506,2,M09-7795-1;M09-7795-2,2022-09-02,M09,unknown,no_verificado,no_verificado,,,,Trazo histórico: no implica operación vigente ni tecnología actual
M09-7806,64,INDIOS VERDES  SAN JUANICO,.,11.836145053719891,2,M09-7806-1;M09-7806-2,2022-09-02,M09,unknown,no_verificado,no_verificado,,,,Trazo histórico: no implica operación vigente ni tecnología actual
M09-7817,64,LA VILLA SAN JUANICO,,14.168495081361728,2,M09-7817-1;M09-7817-2,2022-09-02,M09,unknown,no_verificado,no_verificado,,,,Trazo histórico: no implica operación vigente ni tecnología actual
M09-7828,64,LA VILLA - CARACOLES - TANQUE,RUTA 64,22.245476089896226,2,M09-7828-1;M09-7828-2,2022-09-02,M09,unknown,no_verificado,no_verificado,,,,Trazo histórico: no implica operación vigente ni tecnología actual
M09-7839,64,NUEVO RUTA 64,,0.1944095403137219,1,M09-7839-1,2022-09-02,M09,unknown,no_verificado,no_verificado,,,,Trazo histórico: no implica operación vigente ni tecnología actual
M09-7848,64,SAN JUANICO,. RUTA 64,9.523517323418288,1,M09-7848-1,2022-09-02,M09,unknown,no_verificado,no_verificado,,,,Trazo histórico: no implica operación vigente ni tecnología actual
M09-7857,64,INDIOS VERDES- CARACOLES - TANQUE,.,22.536427271115915,3,M09-7857-1;M09-7857-2;M09-7857-3,2022-09-02,M09,unknown,no_verificado,no_verificado,,,,Trazo histórico: no implica operación vigente ni tecnología actual
M09-7870,64,INDIOS VERDES  TANQUE 2,. RUTA 64,24.128180617536803,3,M09-7870-1;M09-7870-2;M09-7870-3,2022-09-02,M09,unknown,no_verificado,no_verificado,,,,Trazo histórico: no implica operación vigente ni tecnología actual
M09-7883,64,INDIOS VERDES - CENTRO DE SALUD CAPILLA LA  PRESA -,.,21.679262606614053,3,M09-7883-1;M09-7883-2;M09-7883-3,2022-09-02,M09,unknown,no_verificado,no_verificado,,,,Trazo histórico: no implica operación vigente ni tecnología actual
M09-7896,64,INDIOS VERDES -  DIRECTO CENTRO DE SALUD CAPILLA LA  PRESA -,RUTA 64  DIRECTO,21.736640805608104,3,M09-7896-1;M09-7896-2;M09-7896-3,2022-09-02,M09,unknown,no_verificado,no_verificado,,,,Trazo histórico: no implica operación vigente ni tecnología actual
M09-7909,64,INDIOS VERDES -  HUCHOLES  LA PRESA,.,20.331756293342085,3,M09-7909-1;M09-7909-2;M09-7909-3,2022-09-02,M09,unknown,no_verificado,no_verificado,,,,Trazo histórico: no implica operación vigente ni tecnología actual
M09-7922,64,LAVILA - CARACOLES FATIMA,,36.60362563422709,3,M09-7922-1;M09-7922-2;M09-7922-3,2022-09-02,M09,unknown,no_verificado,no_verificado,,,,Trazo histórico: no implica operación vigente ni tecnología actual
M09-7935,64,LA VILA - CARACOLES CENTRO DE SALUD,,32.66012795769173,3,M09-7935-1;M09-7935-2;M09-7935-3,2022-09-02,M09,unknown,no_verificado,no_verificado,,,,Trazo histórico: no implica operación vigente ni tecnología actual
M09-7948,64,LA VILLA - CARACOLES  CARBONERA CENTRO DE SALUD,RUTA 64,34.4604051594498,3,M09-7948-1;M09-7948-2;M09-7948-3,2022-09-02,M09,unknown,no_verificado,no_verificado,,,,Trazo histórico: no implica operación vigente ni tecnología actual
M09-7961,64,LA VILLA - CARACOLES -NEVADO DE TOLUCA,RUTA 64,25.69217623354111,3,M09-7961-1;M09-7961-2;M09-7961-3,2022-09-02,M09,unknown,no_verificado,no_verificado,,,,Trazo histórico: no implica operación vigente ni tecnología actual
M09-7974,64,LA VILLA - CARACOLES - COLMENA,RUTA 64,32.96581331002173,3,M09-7974-1;M09-7974-2;M09-7974-3,2022-09-02,M09,unknown,no_verificado,no_verificado,,,,Trazo histórico: no implica operación vigente ni tecnología actual
M09-7987,64,LA VILLA - CARACOLES - MARIANA,RUTA 64,34.71793698133474,3,M09-7987-1;M09-7987-2;M09-7987-3,2022-09-02,M09,unknown,no_verificado,no_verificado,,,,Trazo histórico: no implica operación vigente ni tecnología actual
M09-8000,64,LA VILLA - CARACOLES - PANTEON,RUTA 64,32.63577930635079,3,M09-8000-1;M09-8000-2;M09-8000-3,2022-09-02,M09,unknown,no_verificado,no_verificado,,,,Trazo histórico: no implica operación vigente ni tecnología actual
M09-8013,64,INDIOS VERDES- CARACOLES - COLMENA,.,33.23046601186392,4,M09-8013-1;M09-8013-2;M09-8013-3;M09-8013-4,2022-09-02,M09,unknown,no_verificado,no_verificado,,,,Trazo histórico: no implica operación vigente ni tecnología actual
M09-8028,64,INDIOS VERDES  LOMAS PREPA,". RUTA 64

POR LAS MA?ANAS",24.758448182250234,4,M09-8028-1;M09-8028-2;M09-8028-3;M09-8028-4,2022-09-02,M09,unknown,no_verificado,no_verificado,,,,Trazo histórico: no implica operación vigente ni tecnología actual
M09-8043,64,INDIOS VERDES  MIRADOR PARQUE NACIONAL,". RUTA 64

POR LAS MA?ANAS",25.41446721169596,4,M09-8043-1;M09-8043-2;M09-8043-3;M09-8043-4,2022-09-02,M09,unknown,no_verificado,no_verificado,,,,Trazo histórico: no implica operación vigente ni tecnología actual
M09-8058,64,INDIOS VERDES- SAN JOSE IXHUATEPEC SAN AGUSTIN,". RUTA 64

POR LAS MA?ANAS",35.00732882059693,4,M09-8058-1;M09-8058-2;M09-8058-3;M09-8058-4,2022-09-02,M09,unknown,no_verificado,no_verificado,,,,Trazo histórico: no implica operación vigente ni tecnología actual
M09-8073,64,INDIOS VERDES- SAN JOSE IXHUATEPEC VENEZUELA,". RUTA 64

POR LAS MA?ANAS",35.422982661345536,4,M09-8073-1;M09-8073-2;M09-8073-3;M09-8073-4,2022-09-02,M09,unknown,no_verificado,no_verificado,,,,Trazo histórico: no implica operación vigente ni tecnología actual
M09-8088,64,INDIOS VERDES- UH BAHIA DEL COPAL,". RUTA 64

POR LAS MA?ANAS

INDIOS VERDES- UH BAHIA DEL COPAL",32.06513718166315,4,M09-8088-1;M09-8088-2;M09-8088-3;M09-8088-4,2022-09-02,M09,unknown,no_verificado,no_verificado,,,,Trazo histórico: no implica operación vigente ni tecnología actual
M09-8103,64,INDIOS VERDES - CARACOLES CENTRO DE SALUD,.,32.930163023296785,4,M09-8103-1;M09-8103-2;M09-8103-3;M09-8103-4,2022-09-02,M09,unknown,no_verificado,no_verificado,,,,Trazo histórico: no implica operación vigente ni tecnología actual
M09-8118,64,INDIOS VERDES - CARACOLES FATIMA,.,36.89114294855718,4,M09-8118-1;M09-8118-2;M09-8118-3;M09-8118-4,2022-09-02,M09,unknown,no_verificado,no_verificado,,,,Trazo histórico: no implica operación vigente ni tecnología actual
M09-8133,64,INDIOS VERDES - CARACOLES  CARBONERA CENTRO DE SALUD,.,34.747922473779894,4,M09-8133-1;M09-8133-2;M09-8133-3;M09-8133-4,2022-09-02,M09,unknown,no_verificado,no_verificado,,,,Trazo histórico: no implica operación vigente ni tecnología actual
M09-8148,64,INDIOS VERDES - CARACOLES -NEVADO DE TOLUCA,.,25.99119321322004,4,M09-8148-1;M09-8148-2;M09-8148-3;M09-8148-4,2022-09-02,M09,unknown,no_verificado,no_verificado,,,,Trazo histórico: no implica operación vigente ni tecnología actual
M09-8163,64,INDIOS VERDES - CARACOLES - MARIANA,.,35.005454295664826,4,M09-8163-1;M09-8163-2;M09-8163-3;M09-8163-4,2022-09-02,M09,unknown,no_verificado,no_verificado,,,,Trazo histórico: no implica operación vigente ni tecnología actual
M09-8178,64,INDIOS VERDES  - CARACOLES - PANTEON,.,32.93479628602973,4,M09-8178-1;M09-8178-2;M09-8178-3;M09-8178-4,2022-09-02,M09,unknown,no_verificado,no_verificado,,,,Trazo histórico: no implica operación vigente ni tecnología actual
M09-8193,66,MIGUEL ANGEL DE QUEVEDO SAN BERNABE Y/O  ESCUELA,MIGUEL ANGEL DE QUEVEDO SAN BERNABE Y/O  ESCUELA,20.876247754875564,2,M09-8193-1;M09-8193-2,2022-09-02,M09,unknown,no_verificado,no_verificado,,,,Trazo histórico: no implica operación vigente ni tecnología actual
M09-8204,66,MIGUEL ANGEL DE QUEVEDO - ATACAXCO,Ataxco - Miguel Angel de Quevedo DO,20.60657549968389,2,M09-8204-1;M09-8204-2,2022-09-02,M09,unknown,no_verificado,no_verificado,,,,Trazo histórico: no implica operación vigente ni tecnología actual
M09-8215,66,MIGUEL ANGEL DE QUEVEDO - CARBONERA,Carbonera - Miguel Angel de Quevedo DO,23.07601108780307,2,M09-8215-1;M09-8215-2,2022-09-02,M09,unknown,no_verificado,no_verificado,,,,Trazo histórico: no implica operación vigente ni tecnología actual
M09-8226,66,MIGUEL ANGEL DE QUEVEDO - PEDREGAL,Pedregal - Miguel Angel de Quevedo DO,25.378140444545135,2,M09-8226-1;M09-8226-2,2022-09-02,M09,unknown,no_verificado,no_verificado,,,,Trazo histórico: no implica operación vigente ni tecnología actual
M09-8237,66,MIGUEL ANGEL DE QUEVEDO - SAN FRANCISCO,Miguel Angel de Quevedo - San Francisco CC OD,20.76791966342904,2,M09-8237-1;M09-8237-2,2022-09-02,M09,unknown,no_verificado,no_verificado,,,,Trazo histórico: no implica operación vigente ni tecnología actual
M09-8248,66,MIGUEL ANGEL DE QUEVEDO - SAN NICOLAS,San Nicolas -Miguel Angel de Quevedo DO,22.725123203511664,2,M09-8248-1;M09-8248-2,2022-09-02,M09,unknown,no_verificado,no_verificado,,,,Trazo histórico: no implica operación vigente ni tecnología actual
M09-8259,66,MIGUEL ANGEL DE QUEVEDO - TIERRA UNIDA,Tierra Unida - Miguel Angel de Quevedo DO,29.425559145363223,2,M09-8259-1;M09-8259-2,2022-09-02,M09,unknown,no_verificado,no_verificado,,,,Trazo histórico: no implica operación vigente ni tecnología actual
M09-8270,66,MIGUEL ANGEL DE QUEVEDO - TIERRA UNIDA POR ANZALDO,Tierra Unida - Miguel Angel de Quevedo DO,29.78203478645182,2,M09-8270-1;M09-8270-2,2022-09-02,M09,unknown,no_verificado,no_verificado,,,,Trazo histórico: no implica operación vigente ni tecnología actual
M09-8281,66,SAN ANGEL - CARBONERA POR ANZLADO,Carbonera - San Angel DO,20.248127463006554,2,M09-8281-1;M09-8281-2,2022-09-02,M09,unknown,no_verificado,no_verificado,,,,Trazo histórico: no implica operación vigente ni tecnología actual
M09-8292,66,SAN ANGEL - ESCUELA,San Angel - Escuela OD,18.83239818218349,2,M09-8292-1;M09-8292-2,2022-09-02,M09,unknown,no_verificado,no_verificado,,,,Trazo histórico: no implica operación vigente ni tecnología actual
M09-8303,66,SAN ANGEL - NICOLAS,San Angel - San Nicolas OD,20.701808633238855,2,M09-8303-1;M09-8303-2,2022-09-02,M09,unknown,no_verificado,no_verificado,,,,Trazo histórico: no implica operación vigente ni tecnología actual
M09-8314,66,SAN ANGEL - PEDREGAL,Pedregal - San Angel DO,23.503105359758315,2,M09-8314-1;M09-8314-2,2022-09-02,M09,unknown,no_verificado,no_verificado,,,,Trazo histórico: no implica operación vigente ni tecnología actual
M09-8325,66,SAN ANGEL - SAN BERNABE / ASTILLEROS,San Bernabe - Astilleros - San Angel DO,25.47074377375676,2,M09-8325-1;M09-8325-2,2022-09-02,M09,unknown,no_verificado,no_verificado,,,,Trazo histórico: no implica operación vigente ni tecnología actual
M09-8336,66,SAN ANGEL - TIERRA UNIDA,Tierra Unida - San Angel DO,26.624812957789793,2,M09-8336-1;M09-8336-2,2022-09-02,M09,unknown,no_verificado,no_verificado,,,,Trazo histórico: no implica operación vigente ni tecnología actual
M09-8347,66,M.A.Q - ANZALDO CC,Miguel Angel de Quevedo - ANZALDO CC,18.847923518431703,2,M09-8347-1;M09-8347-2,2022-09-02,M09,unknown,no_verificado,no_verificado,,,,Trazo histórico: no implica operación vigente ni tecnología actual
M09-8358,66,SAN ANGEL - OYAMEL,San Angel - Oyamel,23.400725936995098,2,M09-8358-1;M09-8358-2,2022-09-02,M09,unknown,no_verificado,no_verificado,,,,Trazo histórico: no implica operación vigente ni tecnología actual
M09-8369,68,METRO LA RAZA - VILLA DE LAS FLORES,METRO LA RAZA - VILLA DE LAS FLORES   METROPOLITANO,61.73965604103388,4,M09-8369-1;M09-8369-2;M09-8369-3;M09-8369-4,2022-09-02,M09,unknown,no_verificado,no_verificado,,,,Trazo histórico: no implica operación vigente ni tecnología actual
M09-8384,68,METRO LA RAZA  - ALBORADA 2 CASITAS,ALBORADA 2 CASITAS -  METRO LA RAZA,66.16387656286943,4,M09-8384-1;M09-8384-2;M09-8384-3;M09-8384-4,2022-09-02,M09,unknown,no_verificado,no_verificado,,,,Trazo histórico: no implica operación vigente ni tecnología actual
M09-8399,68,METRO LA RAZA  - IV IZCALLI / U. MORELOS / LLANURAS / KIOSCO,IV IZCALLI / U. MORELOS / LLANURAS / KIOSCO -  METRO LA RAZA,63.663082663677244,4,M09-8399-1;M09-8399-2;M09-8399-3;M09-8399-4,2022-09-02,M09,unknown,no_verificado,no_verificado,,,,Trazo histórico: no implica operación vigente ni tecnología actual
M09-8414,68,METRO LA RAZA  - IZCALLI LAGUNA,IZCALLI LAGUNA -  METRO LA RAZA,61.89936840262546,4,M09-8414-1;M09-8414-2;M09-8414-3;M09-8414-4,2022-09-02,M09,unknown,no_verificado,no_verificado,,,,Trazo histórico: no implica operación vigente ni tecnología actual
M09-8429,68,METRO LA RAZA  - PRADOS /  LAGUNA,PRADOS /  LAGUNA -  METRO LA RAZA,67.30630272941163,4,M09-8429-1;M09-8429-2;M09-8429-3;M09-8429-4,2022-09-02,M09,unknown,no_verificado,no_verificado,,,,Trazo histórico: no implica operación vigente ni tecnología actual
M09-8444,68,METRO LA RAZA JALTENCO,JALTENCO  - METRO LA RAZA,62.91593755920457,4,M09-8444-1;M09-8444-2;M09-8444-3;M09-8444-4,2022-09-02,M09,unknown,no_verificado,no_verificado,,,,Trazo histórico: no implica operación vigente ni tecnología actual
M09-8459,68,METRO LA RAZA JARDINES DE MORELOS POR SOSA,JARDINES DE MORELOS  - METRO LA RAZA POR SOSA,56.2596437464663,4,M09-8459-1;M09-8459-2;M09-8459-3;M09-8459-4,2022-09-02,M09,unknown,no_verificado,no_verificado,,,,Trazo histórico: no implica operación vigente ni tecnología actual
M09-8474,68,METRO LA RAZA JARDINES DE MORELOS POR PALOMAS,JARDINES DE MORELOS  - METRO LA RAZA,55.71172760320565,4,M09-8474-1;M09-8474-2;M09-8474-3;M09-8474-4,2022-09-02,M09,unknown,no_verificado,no_verificado,,,,Trazo histórico: no implica operación vigente ni tecnología actual
M09-8489,68,METRO LA RAZA PRADOS,VILLA DE LAS FLORES   -  METRO LA RAZA METROPOLITANO,71.12105693940762,4,M09-8489-1;M09-8489-2;M09-8489-3;M09-8489-4,2022-09-02,M09,unknown,no_verificado,no_verificado,,,,Trazo histórico: no implica operación vigente ni tecnología actual
M09-8504,69,HUIPULCO LA ASUNCI?N,Huipulco - La Asunci?n,36.27560047598304,2,M09-8504-1;M09-8504-2,2022-09-02,M09,unknown,no_verificado,no_verificado,,,,Trazo histórico: no implica operación vigente ni tecnología actual
M09-8515,69,HUIPULCO LAS BOMBAS,Huipulco - Las Bombas,37.713498053707866,2,M09-8515-1;M09-8515-2,2022-09-02,M09,unknown,no_verificado,no_verificado,,,,Trazo histórico: no implica operación vigente ni tecnología actual
M09-8526,69,HUIPULCO SECUNDARIA,Huipulco - Secundaria,36.115022621434896,2,M09-8526-1;M09-8526-2,2022-09-02,M09,unknown,no_verificado,no_verificado,,,,Trazo histórico: no implica operación vigente ni tecnología actual
M09-8537,69,HUIPULCO - OCOTLA CHICO,OCOTLA CHICO - HUIPULCO,33.57223377121401,2,M09-8537-1;M09-8537-2,2022-09-02,M09,unknown,no_verificado,no_verificado,,,,Trazo histórico: no implica operación vigente ni tecnología actual
M09-8548,69,HUIPULCO - PARRES,PARRES - HUIPULCO,52.1252869627112,2,M09-8548-1;M09-8548-2,2022-09-02,M09,unknown,no_verificado,no_verificado,,,,Trazo histórico: no implica operación vigente ni tecnología actual
M09-8559,69,HUIPULCO - TEHUISCO,TEHUISCO - HUIPULCO,31.832920532689315,2,M09-8559-1;M09-8559-2,2022-09-02,M09,unknown,no_verificado,no_verificado,,,,Trazo histórico: no implica operación vigente ni tecnología actual
M09-8570,70,ESTADIO AZTECA -TATAMAZTITLA ? CICLOPISTA,TATAMAZTITLA / CICLOPISTA - ESTADIO AZTECA,27.023075806307425,2,M09-8570-1;M09-8570-2,2022-09-02,M09,unknown,no_verificado,no_verificado,,,,Trazo histórico: no implica operación vigente ni tecnología actual
M09-8581,70,PARADERO ESTADIO AZTECA  -  LAS TORRES,LAS TORRES  - PARADERO ESTADIO AZTECA,18.675588630589235,2,M09-8581-1;M09-8581-2,2022-09-02,M09,unknown,no_verificado,no_verificado,,,,Trazo histórico: no implica operación vigente ni tecnología actual
M09-8592,70,PARADERO ESTADIO AZTECA  -  SAN ANDR?S,SAN ANDRES  - PARADERO ESTADIO AZTECA,20.73213308379041,2,M09-8592-1;M09-8592-2,2022-09-02,M09,unknown,no_verificado,no_verificado,,,,Trazo histórico: no implica operación vigente ni tecnología actual
M09-8603,70,CEDRAL ? CICLOPISTA (BIENESTAR,,2.1061166645244493,1,M09-8603-1,2022-09-02,M09,unknown,no_verificado,no_verificado,,,,Trazo histórico: no implica operación vigente ni tecnología actual
M09-8612,70,LAS FLORES ? CICLOPISTA (BIENESTAR,,2.3272847912672816,1,M09-8612-1,2022-09-02,M09,unknown,no_verificado,no_verificado,,,,Trazo histórico: no implica operación vigente ni tecnología actual
M09-8621,70,LA FAJA ? CICLOPISTA (BIENESTAR),,7.190899722834333,1,M09-8621-1,2022-09-02,M09,unknown,no_verificado,no_verificado,,,,Trazo histórico: no implica operación vigente ni tecnología actual
M09-8630,70,LA VENTA ? CICLOPISTA,,3.939766258003485,1,M09-8630-1,2022-09-02,M09,unknown,no_verificado,no_verificado,,,,Trazo histórico: no implica operación vigente ni tecnología actual
M09-8639,70,16 DE SEPTIEMBRE - CICLOPISTA,,4.420628045118556,1,M09-8639-1,2022-09-02,M09,unknown,no_verificado,no_verificado,,,,Trazo histórico: no implica operación vigente ni tecnología actual
M09-8648,70,SAN JUAN BAUTISTA ? IGLECIAS DE SANTO TOMAS POR CONEJO,,3.696572546956274,1,M09-8648-1,2022-09-02,M09,unknown,no_verificado,no_verificado,,,,Trazo histórico: no implica operación vigente ni tecnología actual
M09-8657,71,DEPORTIVO SANTA MARTHA  -  EMILIANO ZAPATA,,11.192043135788873,2,M09-8657-1;M09-8657-2,2022-09-02,M09,unknown,no_verificado,no_verificado,,,,Trazo histórico: no implica operación vigente ni tecnología actual
M09-8668,71,METRO ACATITLA - MIGUEL DE LA MADRID,METRO ACATITLA - MIGUEL DE LA MADRID,7.748493802685374,2,M09-8668-1;M09-8668-2,2022-09-02,M09,unknown,no_verificado,no_verificado,,,,Trazo histórico: no implica operación vigente ni tecnología actual
M09-8679,71,METRO AEROPUERTO  -  SAN MIGUEL TEOTONGO POR PALMAS,METRO AEROPUERTO  -   SAN MIGUEL TEOTONGO POR PALMAS,32.68062289824456,2,M09-8679-1;M09-8679-2,2022-09-02,M09,unknown,no_verificado,no_verificado,,,,Trazo histórico: no implica operación vigente ni tecnología actual
M09-8690,71,METRO AEROPUERTO  -    AVISADERO POR TORRES,METRO AEROPUERTO  -    AVISADERO,34.139534253017935,2,M09-8690-1;M09-8690-2,2022-09-02,M09,unknown,no_verificado,no_verificado,,,,Trazo histórico: no implica operación vigente ni tecnología actual
M09-8701,71,ERMITA  -  EMILIANO ZAPATA,ERMITA  -  EMILIANO ZAPATA,9.250135558006866,2,M09-8701-1;M09-8701-2,2022-09-02,M09,unknown,no_verificado,no_verificado,,,,Trazo histórico: no implica operación vigente ni tecnología actual
M09-8712,71,ERMITA  -  IXTLAHUACAN,"ERMITA  -  IXTLAHUACAN

PARTIENDO DE SU BASE INICIAL POR CALZ. ERMITA IZTAPALAPA (Eje 8 Sur), DER. CUAUHTEMOC, DER. PIRULES, IZQ. FRANCISCO VILLA, IZQ. LAZARO CARDENAS, HASTA LLEGAR A SU BASE TERMINAL.",4.793689610622303,2,M09-8712-1;M09-8712-2,2022-09-02,M09,unknown,no_verificado,no_verificado,,,,Trazo histórico: no implica operación vigente ni tecnología actual
M09-8723,71,ERMITA  -  MALLA,,4.670205110683209,2,M09-8723-1;M09-8723-2,2022-09-02,M09,unknown,no_verificado,no_verificado,,,,Trazo histórico: no implica operación vigente ni tecnología actual
M09-8734,71,METRO AEROPUERTO  -  IXTLAHUACAN POR PALMAS,IXTLAHUACAN - AEROPUERTO,30.603471163502828,2,M09-8734-1;M09-8734-2,2022-09-02,M09,unknown,no_verificado,no_verificado,,,,Trazo histórico: no implica operación vigente ni tecnología actual
M09-8745,71,DEPORTIVO SANTA MARTHA  -  MERCADO DE GUADALUPE POR PALMAS,DEPORTIVO SANTA MARTHA  -  MERCADO DE GUADALUPE POR PALMAS,8.953711530674493,2,M09-8745-1;M09-8745-2,2022-09-02,M09,unknown,no_verificado,no_verificado,,,,Trazo histórico: no implica operación vigente ni tecnología actual
M09-8756,71,AEROPUERTO  -  MIGUEL DE LA MADRID,,46.15160709704112,3,M09-8756-1;M09-8756-2;M09-8756-3,2022-09-02,M09,unknown,no_verificado,no_verificado,,,,Trazo histórico: no implica operación vigente ni tecnología actual
M09-8769,71,RUTA SIN TÍTULO,,4.124951184165321,1,M09-8769-1,2022-09-02,M09,unknown,no_verificado,no_verificado,,,,Trazo histórico: no implica operación vigente ni tecnología actual
M09-8778,73,HUIPULCO - COMUNEROS DE SANTA URSULA,"PARTIENDO DE SU BASE INICIAL, DER. CALLE ACOXPA, DER. CALZ.  DE TLALPAN, VUELTA EN ""U"" EN EL PRIMER RETORNO PARA CONTINUAR POR CALZ. DE TLALPAN, DIRECCI?N NORTE - SUR, DER. SILL?N DE MENDOZA CONTIN?A CUAUHT?MOC, IZQ. MOCTEZUMA, IZQ. 5 DE MAYO, DER. 19 DE",6.326023577267886,2,M09-8778-1;M09-8778-2,2022-09-02,M09,unknown,no_verificado,no_verificado,,,,Trazo histórico: no implica operación vigente ni tecnología actual
M09-8789,73,"HUIPULCO - TLALCOLIGIA, DEPORTIVA, TEPETONGO, CIRCUITO TEPESCUINCLE","PARTIENDO DE SU ZONA DE ASCENSO Y DESCENSO DE ORIGEN, DER. VIADUCTO TLALPAN, DER. SAN JUAN BOSCO, DER. CALZ. ACUEDUCTO - CALZ. DE TLALPAN, CIRCUNDA GLORIETA HUIPULCO - CALZ. DE TLALPAN DIRECCION NORTE - SUR TLALCOLIGIA, IZQ. YAQUIS, DER. OTONIES - VOLCAN",17.921982923127675,2,M09-8789-1;M09-8789-2,2022-09-02,M09,unknown,no_verificado,no_verificado,,,,Trazo histórico: no implica operación vigente ni tecnología actual
M09-8800,73,HUIPULCO - EX - HACIENDA DE SAN JUAN DE DIOS,"PARTIENDO DE SU BASE INICIAL, DER. CALLE ACOXPA, DER. CALZ. DE TLALPAN, DER. CALZ. ACOXPA, DER. BORDO, IZQ. SAN FRANCISCO, DER. SAN IGNACIO, IZQ. SAN JUAN DE DIOS, DER. AV. DE LAS TORRES, IZQ. HUIZACHES, DER. PUENTE, IZQ. PORTACOELLI, IZQ. SAN IDELFONSO,",4.097740836037897,1,M09-8800-1,2022-09-02,M09,unknown,no_verificado,no_verificado,,,,Trazo histórico: no implica operación vigente ni tecnología actual
M09-8809,73,"HUIPULCO - TLALCOLIGIA, PEDREGAL, HORNOS, DIF","PARTIENDO DE SU ZONA DE ASCENSO Y DESCENSO DE ORIGEN, DER. VIADUCTO TLALPAN, DER. SAN JUAN BOSCO, DER. CALZ. ACUEDUCTO - CALZ. DE TLALPAN, CIRCUNDA GLORIETA HUIPULCO - CALZ. DE TLALPAN DIRECCION NORTE - SUR TLALCOLIGIA, IZQ. YA      HASTA SU ZONA DE ASCE",6.494368697890904,1,M09-8809-1,2022-09-02,M09,unknown,no_verificado,no_verificado,,,,Trazo histórico: no implica operación vigente ni tecnología actual
M09-8818,74,ERMITA CUCHILLA - A JUANA GALLO,RUTA 74,2.4373191851156344,2,M09-8818-1;M09-8818-2,2022-09-02,M09,unknown,no_verificado,no_verificado,,,,Trazo histórico: no implica operación vigente ni tecnología actual
M09-8829,74,ERMITA XALPA CABRAS,RUTA 74,4.137076266232579,2,M09-8829-1;M09-8829-2,2022-09-02,M09,unknown,no_verificado,no_verificado,,,,Trazo histórico: no implica operación vigente ni tecnología actual
M09-8840,74,ERMITA XALPA CUEVAS,RUTA 74,3.570733985037883,2,M09-8840-1;M09-8840-2,2022-09-02,M09,unknown,no_verificado,no_verificado,,,,Trazo histórico: no implica operación vigente ni tecnología actual
M09-8851,74,ERMITA XALPA MINAS,RUTA 74,4.521704326466708,2,M09-8851-1;M09-8851-2,2022-09-02,M09,unknown,no_verificado,no_verificado,,,,Trazo histórico: no implica operación vigente ni tecnología actual
M09-8862,74,ERMITA XALPA- UVAS,RUTA 74,4.201793685591824,2,M09-8862-1;M09-8862-2,2022-09-02,M09,unknown,no_verificado,no_verificado,,,,Trazo histórico: no implica operación vigente ni tecnología actual
M09-8873,74,METRO GOMEZ FARIAS  - SAN MIGUEL TEOTONGO POR PALMAS,,35.38411982007922,2,M09-8873-1;M09-8873-2,2022-09-02,M09,unknown,no_verificado,no_verificado,,,,Trazo histórico: no implica operación vigente ni tecnología actual
M09-8884,74,METRO SANTA MARTA - SAN PABLO - MIRAVALLE,,11.851869145685109,2,M09-8884-1;M09-8884-2,2022-09-02,M09,unknown,no_verificado,no_verificado,,,,Trazo histórico: no implica operación vigente ni tecnología actual
M09-8895,74,METRO SAN LAZARO -METRO GOMEZ FARIAS  - SAN MIGUEL TEOTONGO POR PALMAS,,42.40481691781991,2,M09-8895-1;M09-8895-2,2022-09-02,M09,unknown,no_verificado,no_verificado,,,,Trazo histórico: no implica operación vigente ni tecnología actual
M09-8906,74,METRO SAN TA  MARTHA  - SAN MIGUEL TEOTONGO RANCHO BAJO POR PALMAS,RUTA 74,13.464359421216672,2,M09-8906-1;M09-8906-2,2022-09-02,M09,unknown,no_verificado,no_verificado,,,,Trazo histórico: no implica operación vigente ni tecnología actual
M09-8917,74,METRO ZARAGOZA - MIRA VALLE,,32.044911816846124,2,M09-8917-1;M09-8917-2,2022-09-02,M09,unknown,no_verificado,no_verificado,,,,Trazo histórico: no implica operación vigente ni tecnología actual
M09-8928,74,PRIMAVERA - ERMITA IZTAPALAPA,,3.7645786744395875,2,M09-8928-1;M09-8928-2,2022-09-02,M09,unknown,no_verificado,no_verificado,,,,Trazo histórico: no implica operación vigente ni tecnología actual
M09-8939,74,SAN PABLO - ERMITA IZTAPALAPA,,6.162537384972494,2,M09-8939-1;M09-8939-2,2022-09-02,M09,unknown,no_verificado,no_verificado,,,,Trazo histórico: no implica operación vigente ni tecnología actual
M09-8950,74,SAN PABLO - METRO SANTA MARTHA,RUTA 74,10.158846696507302,2,M09-8950-1;M09-8950-2,2022-09-02,M09,unknown,no_verificado,no_verificado,,,,Trazo histórico: no implica operación vigente ni tecnología actual
M09-8961,74,XALPA - LOCAL TENORIO,,4.4937969393591795,2,M09-8961-1;M09-8961-2,2022-09-02,M09,unknown,no_verificado,no_verificado,,,,Trazo histórico: no implica operación vigente ni tecnología actual
M09-8972,74,ZARAGOZA- COL JALPA TENORIOS,,31.604033113162856,2,M09-8972-1;M09-8972-2,2022-09-02,M09,unknown,no_verificado,no_verificado,,,,Trazo histórico: no implica operación vigente ni tecnología actual
M09-8983,74,ERMITA IZTAPALAPA-SAN PABLO -CAMPO CORONILLAS,RUTA 74,6.828436837578069,2,M09-8983-1;M09-8983-2,2022-09-02,M09,unknown,no_verificado,no_verificado,,,,Trazo histórico: no implica operación vigente ni tecnología actual
M09-8994,74,ERMITA IZTAPALAPA-SAN PABLO -MIRADOR,RUTA 74,5.877630237836208,2,M09-8994-1;M09-8994-2,2022-09-02,M09,unknown,no_verificado,no_verificado,,,,Trazo histórico: no implica operación vigente ni tecnología actual
M09-9005,75,COL. TEPETONGO -PARADERO ESTADIO AZTECA,"PARTIENDO DE SU  BASE POR ALVARO OBREGON, DER. CAMINO A LA CANTERA, DER. CANTERA, DER. TEXTITLAN, IZQ. SANTA URSULA XITLA, DER. SAN MARCOS, IZQ. CONGRESO, DER. MORELOS, IZQ. CALZ. DE TLALPAN, DER. ACCESO AL PARADERO POR ANDEN ""B"" HASTA SU BASE DE ORIGEN.",15.337505014625757,2,M09-9005-1;M09-9005-2,2022-09-02,M09,unknown,no_verificado,no_verificado,,,,Trazo histórico: no implica operación vigente ni tecnología actual
M09-9016,75,PARADERO ESTADIO AZTECA - HORNOS POR LA LOMA CIERRE DE CIRCUITO,"PARTIENDO DE SU BASE POR ANDEN ""B"" PARA  INCORPORARSE A  VIADUCTO TLALPAN, DERECHA AV. SAN FERNANDO, IZQ. BENITO JUAREZ, DER. LAMANTITLA, DER. AV. INSURGENTES SUR, IZQ. SANTA URSULA XITLA, DER. ALGIBE, IZQ. LA LOMA, DER. TEPETL, IZQ. CHANTEPEC PARA EFECT",13.453504266383414,2,M09-9016-1;M09-9016-2,2022-09-02,M09,unknown,no_verificado,no_verificado,,,,Trazo histórico: no implica operación vigente ni tecnología actual
M09-9027,75,PARADERO ESTADIO AZTECA - COL. AMPLIACIÓN TEPEXIMILPA SERVIMET CIERRE DE CIRCUITO,"PARTIENDO DE SU BASE POR ANDEN ""B"" DER. CJON. ACOXPA, DER. CALZ. DE TLALPAN, VUELTA EN  ""U"" EN PRIMER RETORNO, - CALZ.  DE TLALPAN DIRECCION NORTE-SUR, DER. AV. SAN FERNANDO, IZQ. BENITO JU?REZ, DER. LIMANTITLA, DER. AV. INSURGENTES SUR, IZQ. SANTA URSUL",15.653856722067987,2,M09-9027-1;M09-9027-2,2022-09-02,M09,unknown,no_verificado,no_verificado,,,,Trazo histórico: no implica operación vigente ni tecnología actual
M09-9038,75,PARADERO ESTADIO AZTECA - HORNOS POR CAMINO A LA CANTERA CIERRE DE CIRCUITO,"PARTIENDO DE SU BASE POR ANDEN ""B"", DER. CJON. ACOXPA, DER. CALZ. DE TLALPAN, VUELTA EN ""U"" EN PRIMER RETORNO, - CALZ. DE TLALPAN DIRECCION NORTE-SUR, DER. AV. SAN FERNANDO, IZQ. BENITO JUAREZ, DER. LAMANTITLA, DER. AV. INSURGENTES SUR, IZQ. SANTA URSULA",14.390851979100233,2,M09-9038-1;M09-9038-2,2022-09-02,M09,unknown,no_verificado,no_verificado,,,,Trazo histórico: no implica operación vigente ni tecnología actual
M09-9049,75,COL. AMPLIACI?N MIGUEL HIDALGO MODULO-PARADERO ESTADIO AZTECA -,"PARTIENDO DE SU BASE POR CONSTITUCION, - AGUSTIN MELGAR, DER. VITO ALESSIO ROBLES, IZQ. JOSE GARCIA PRECIAT, - CORREGIDORA, - PROL. CORREGIDORA, - CANTERA, DER. TEXTITLA, IZQ. SANTA URSULA TIXTLA, DER. SAN MARCOS, IZQ. CONGRESO, DER. MORELOS, IZQ. CALZ.",14.852625058173837,2,M09-9049-1;M09-9049-2,2022-09-02,M09,unknown,no_verificado,no_verificado,,,,Trazo histórico: no implica operación vigente ni tecnología actual
M09-9060,76,CU - CHICHICASPA 2 DE OCTUBRE,CU - CHICHICASPA 2 DE OCTUBRE OD,33.08147118044387,2,M09-9060-1;M09-9060-2,2022-09-02,M09,unknown,no_verificado,no_verificado,,,,Trazo histórico: no implica operación vigente ni tecnología actual
M09-9071,76,CU - CHICHICASPA TIERRA COLORADA,CU - CHICHICASPA TIERRA COLORADA OD,30.186525161628854,2,M09-9071-1;M09-9071-2,2022-09-02,M09,unknown,no_verificado,no_verificado,,,,Trazo histórico: no implica operación vigente ni tecnología actual
M09-9082,76,CU - HOSPITAL PEMEX,CU - HOSPITAL PEMEX OD,18.02163851413064,2,M09-9082-1;M09-9082-2,2022-09-02,M09,unknown,no_verificado,no_verificado,,,,Trazo histórico: no implica operación vigente ni tecnología actual
M09-9093,76,SAN ANGEL - CHICHICASPA 2 DE OCTUBRE,2 DE OCTUBRE CHICHICASPA - SAN ANGEL DO,28.81295596522949,2,M09-9093-1;M09-9093-2,2022-09-02,M09,unknown,no_verificado,no_verificado,,,,Trazo histórico: no implica operación vigente ni tecnología actual
M09-9104,76,SAN ANGEL -  TIERRA COLORADA,TIERRA COLORADA - SAN ANGEL DO,25.9449949479387,2,M09-9104-1;M09-9104-2,2022-09-02,M09,unknown,no_verificado,no_verificado,,,,Trazo histórico: no implica operación vigente ni tecnología actual
M09-9115,76,CU CARRASCO,CARRASCO - C.U.,16.8995439895957,2,M09-9115-1;M09-9115-2,2022-09-02,M09,unknown,no_verificado,no_verificado,,,,Trazo histórico: no implica operación vigente ni tecnología actual
M09-9126,76,CU CONALEP,Conalep - CU,15.81231041595142,2,M09-9126-1;M09-9126-2,2022-09-02,M09,unknown,no_verificado,no_verificado,,,,Trazo histórico: no implica operación vigente ni tecnología actual
M09-9137,76,CHAPULTEPEC LA PILA,La Pila - Chapultepec,48.26677197972372,2,M09-9137-1;M09-9137-2,2022-09-02,M09,unknown,no_verificado,no_verificado,,,,Trazo histórico: no implica operación vigente ni tecnología actual
M09-9148,76,CHAPULTEPEC SALAZAR,Salazar - Chapultepec,68.27030915656088,2,M09-9148-1;M09-9148-2,2022-09-02,M09,unknown,no_verificado,no_verificado,,,,Trazo histórico: no implica operación vigente ni tecnología actual
M09-9159,76,CHAPULTEPEC - ACOPILCO,Chapultpec - Acopilco,46.1043314677532,2,M09-9159-1;M09-9159-2,2022-09-02,M09,unknown,no_verificado,no_verificado,,,,Trazo histórico: no implica operación vigente ni tecnología actual
M09-9170,76,CHAPULTEPEC - ATLAPULCO - POTRERO,Salazar - Chapultepec,81.85705418751523,2,M09-9170-1;M09-9170-2,2022-09-02,M09,unknown,no_verificado,no_verificado,,,,Trazo histórico: no implica operación vigente ni tecnología actual
M09-9181,76,CUAJIMALAPA TLAPACA,Cuajimalpa - Tlapaca,15.518741024923656,2,M09-9181-1;M09-9181-2,2022-09-02,M09,unknown,no_verificado,no_verificado,,,,Trazo histórico: no implica operación vigente ni tecnología actual
M09-9192,76,CUAJIMALPA LA PILA COLA DE PATO,Cola de Pato La Pila - Cuajimalpa,18.004173904393863,2,M09-9192-1;M09-9192-2,2022-09-02,M09,unknown,no_verificado,no_verificado,,,,Trazo histórico: no implica operación vigente ni tecnología actual
M09-9203,76,GALICIA -  YAQUI -  LAURELES,Galicia - Yaqui - Laurel,22.528488278204367,2,M09-9203-1;M09-9203-2,2022-09-02,M09,unknown,no_verificado,no_verificado,,,,Trazo histórico: no implica operación vigente ni tecnología actual
M09-9214,76,GALICIA -  YAQUI -  LAURELES (SANTA FE),Galicia - Yaqui - Laurel (Santa Fe),11.576759202699261,2,M09-9214-1;M09-9214-2,2022-09-02,M09,unknown,no_verificado,no_verificado,,,,Trazo histórico: no implica operación vigente ni tecnología actual
M09-9225,76,OBSERVATORIO IMSS SANTA FE,Observatorio - Minas de Cristo,4.870717991583142,2,M09-9225-1;M09-9225-2,2022-09-02,M09,unknown,no_verificado,no_verificado,,,,Trazo histórico: no implica operación vigente ni tecnología actual
M09-9236,76,OBSERVATORIO OLIVAR 1 Y 2,Observatorio - Olivar 1 y 2,10.426854468600755,2,M09-9236-1;M09-9236-2,2022-09-02,M09,unknown,no_verificado,no_verificado,,,,Trazo histórico: no implica operación vigente ni tecnología actual
M09-9247,76,OLIVAR 1 Y2 SAN ANTONIO,Olivar - San Antonio,9.556370411436488,2,M09-9247-1;M09-9247-2,2022-09-02,M09,unknown,no_verificado,no_verificado,,,,Trazo histórico: no implica operación vigente ni tecnología actual
M09-9258,76,SAN ANGEL - CARRASCO,SAN ANGEL - CARRASCO,17.99145709408258,2,M09-9258-1;M09-9258-2,2022-09-02,M09,unknown,no_verificado,no_verificado,,,,Trazo histórico: no implica operación vigente ni tecnología actual
M09-9269,76,TEOPAZULCO LA PILA,La Pila - Teopazulco,9.432984223203261,2,M09-9269-1;M09-9269-2,2022-09-02,M09,unknown,no_verificado,no_verificado,,,,Trazo histórico: no implica operación vigente ni tecnología actual
M09-9280,76,TEOPAZULCO - CUAJIMALPA,Teopazulco  - Cuajimalpa,16.177455983272644,2,M09-9280-1;M09-9280-2,2022-09-02,M09,unknown,no_verificado,no_verificado,,,,Trazo histórico: no implica operación vigente ni tecnología actual
M09-9291,76,XOCHIMILCO SANTA LUCIA POR SAN ANDRES,Santa Lucia por San Andres - Xochimilco,22.486102742945118,2,M09-9291-1;M09-9291-2,2022-09-02,M09,unknown,no_verificado,no_verificado,,,,Trazo histórico: no implica operación vigente ni tecnología actual
M09-9302,76,XOCHIMILCO - SAN PEDRO ATOCPAN - BARTOLOME,San Pedro Atocpan - Bartolome - Xochimilco,31.78158453670064,2,M09-9302-1;M09-9302-2,2022-09-02,M09,unknown,no_verificado,no_verificado,,,,Trazo histórico: no implica operación vigente ni tecnología actual
M09-9313,76,XOCHIMILCO - SANTA LUCIA POR TLAYECA,Xochimilco - Santa Lucia por Tlayeca,13.141318022401109,2,M09-9313-1;M09-9313-2,2022-09-02,M09,unknown,no_verificado,no_verificado,,,,Trazo histórico: no implica operación vigente ni tecnología actual
M09-9324,76,YAQUI LAURELES,Yaqui - Laureles,13.03420231074038,2,M09-9324-1;M09-9324-2,2022-09-02,M09,unknown,no_verificado,no_verificado,,,,Trazo histórico: no implica operación vigente ni tecnología actual
M09-9335,76,YAQUI - EL OLIVO,Yaqui - Olivo,8.903785808107154,2,M09-9335-1;M09-9335-2,2022-09-02,M09,unknown,no_verificado,no_verificado,,,,Trazo histórico: no implica operación vigente ni tecnología actual
M09-9346,76,YAQUI ASFALTOS,Yaqui - Asfaltos,3.4997475699125755,1,M09-9346-1,2022-09-02,M09,unknown,no_verificado,no_verificado,,,,Trazo histórico: no implica operación vigente ni tecnología actual
M09-9355,76,YAQUI SANTIAGO ESCUELA,Yaqui - Santiago Escuela,6.412571546398933,1,M09-9355-1,2022-09-02,M09,unknown,no_verificado,no_verificado,,,,Trazo histórico: no implica operación vigente ni tecnología actual
M09-9364,76,YAQUI SANTIAGO MESA,Yaqui Santiago mesa,6.39079742754943,1,M09-9364-1,2022-09-02,M09,unknown,no_verificado,no_verificado,,,,Trazo histórico: no implica operación vigente ni tecnología actual
M09-9373,76,YAQUI - GALICIA,Yaqui Galicia,5.303981132675643,1,M09-9373-1,2022-09-02,M09,unknown,no_verificado,no_verificado,,,,Trazo histórico: no implica operación vigente ni tecnología actual
M09-9382,76,YAQUI - PREPA 89,,3.400317523414928,1,M09-9382-1,2022-09-02,M09,unknown,no_verificado,no_verificado,,,,Trazo histórico: no implica operación vigente ni tecnología actual
M09-9391,77,FLORESTA ? REFORMA ? METRO SANTA MARTHA,FLORESTA- REFORMA - METRO SAN TA MARTHA,8.000965091961179,2,M09-9391-1;M09-9391-2,2022-09-02,M09,unknown,no_verificado,no_verificado,,,,Trazo histórico: no implica operación vigente ni tecnología actual
M09-9402,77,METRO GOMEZ FARIAS ?PARADERO STA. MARTHA,METRO GOMEZ FARIAS ?PARADERO STA. MARTHA,25.635800788961866,2,M09-9402-1;M09-9402-2,2022-09-02,M09,unknown,no_verificado,no_verificado,,,,Trazo histórico: no implica operación vigente ni tecnología actual
M09-9413,80,CUERNITO AYUNTAMIENTO,Cuernito - Ayuntamiento,23.51592119848358,2,M09-9413-1;M09-9413-2,2022-09-02,M09,unknown,no_verificado,no_verificado,,,,Trazo histórico: no implica operación vigente ni tecnología actual
M09-9424,80,CUERNITO VIADUCTO,Cuernito - Ayuntamiento,20.119585966719228,2,M09-9424-1;M09-9424-2,2022-09-02,M09,unknown,no_verificado,no_verificado,,,,Trazo histórico: no implica operación vigente ni tecnología actual
M09-9435,80,CUERNITO - VILLA DE CORT?S,VILLA DE CORTEZ - EL CUERNITO,19.068714702775548,2,M09-9435-1;M09-9435-2,2022-09-02,M09,unknown,no_verificado,no_verificado,,,,Trazo histórico: no implica operación vigente ni tecnología actual
M09-9446,81,MILPA ALTA-OZTOTEPEC,"RUTA 81

PARTIENDO DE SU BASE INICIAL, DER. SONORA NTE. IZQ. NUEVO LE?N OTE. CONTIN?A HIDALGO CONTIN?A ZARAGOZA, IZQ. AXAYACATL, IZQ. JUSTO SIERRA, DER. AV. CUAUHT?MOC CONTIN?A CARRETERA SAN PABLO OZTOTEPEC CONTIN?A FABI?N FLORES, HASTA LLEGAR A SU BASE",23.57302268567804,2,M09-9446-1;M09-9446-2,2022-09-02,M09,unknown,no_verificado,no_verificado,,,,Trazo histórico: no implica operación vigente ni tecnología actual
M09-9457,81,MILPA ALTA-SN PEDRO ATOCPAN,"ruta 20

PARTIENDO DE SU ZONA DE ASCENSO Y DESCENSO DE ORIGEN, DER. MICHOACAN, DER. SONORA NTE., IZQ. NUEVO LEON, DER. CAMINO A SAN PEDRO ATOCPAN CONTIN?A HIDALGO CONTIN?A ZARAGOZA, IZQ. AXAYACATL, IZQ. JUSTO SIERRA, HASTA SU ZONA DE ASCENSO Y DESCENSO D",9.089299861352545,2,M09-9457-1;M09-9457-2,2022-09-02,M09,unknown,no_verificado,no_verificado,,,,Trazo histórico: no implica operación vigente ni tecnología actual
M09-9468,81,NORIA-RECLUSORIO SUR,,6.80939833762781,2,M09-9468-1;M09-9468-2,2022-09-02,M09,unknown,no_verificado,no_verificado,,,,Trazo histórico: no implica operación vigente ni tecnología actual
M09-9479,81,NORIA-XOCHITEPEC,,12.030884073436297,2,M09-9479-1;M09-9479-2,2022-09-02,M09,unknown,no_verificado,no_verificado,,,,Trazo histórico: no implica operación vigente ni tecnología actual
M09-9490,81,RUTA 20,,4.494858458536566,2,M09-9490-1;M09-9490-2,2022-09-02,M09,unknown,no_verificado,no_verificado,,,,Trazo histórico: no implica operación vigente ni tecnología actual
M09-9501,81,SAN LORENZO- NATIVITAS,,7.911956962780667,2,M09-9501-1;M09-9501-2,2022-09-02,M09,unknown,no_verificado,no_verificado,,,,Trazo histórico: no implica operación vigente ni tecnología actual
M09-9512,81,TAXQUE?A-MILPA ALTA,"RUTA 81
METRO TAXQUE?A - MILPA ALTA


PARTIENDO DE SU BASE INICIAL CONTIN?A PR?L.. CERRO DE LAS TORRES, DER. CALZ. TAXQUE?A, IZQ. CIRCUNDAR PUENTE TLALPAN-TAXQUE?A PARA INCORPORASE A LA CALZ. DE TLALPAN, IZQ. XOTEPINGO, DER. CANAL DE MIRAMONTES, CIRCUNDA",52.62042970270218,2,M09-9512-1;M09-9512-2,2022-09-02,M09,unknown,no_verificado,no_verificado,,,,Trazo histórico: no implica operación vigente ni tecnología actual
M09-9523,81,XOCH-AMP.NATIVITAS,,10.639384750655747,2,M09-9523-1;M09-9523-2,2022-09-02,M09,unknown,no_verificado,no_verificado,,,,Trazo histórico: no implica operación vigente ni tecnología actual
M09-9534,81,XOCH-BARRIO 18,,10.522316556366878,2,M09-9534-1;M09-9534-2,2022-09-02,M09,unknown,no_verificado,no_verificado,,,,Trazo histórico: no implica operación vigente ni tecnología actual
M09-9545,81,XOCH-LA PE?ITA,,10.383483304319586,2,M09-9545-1;M09-9545-2,2022-09-02,M09,unknown,no_verificado,no_verificado,,,,Trazo histórico: no implica operación vigente ni tecnología actual
M09-9556,81,XOCH-LA SANTISIMA,,5.147469326090528,2,M09-9556-1;M09-9556-2,2022-09-02,M09,unknown,no_verificado,no_verificado,,,,Trazo histórico: no implica operación vigente ni tecnología actual
M09-9567,81,XOCH-MILPAALTA,RUTA 20,31.699678211733737,2,M09-9567-1;M09-9567-2,2022-09-02,M09,unknown,no_verificado,no_verificado,,,,Trazo histórico: no implica operación vigente ni tecnología actual
M09-9578,81,XOCH-RECLUSORIO SUR,,13.60251203411843,2,M09-9578-1;M09-9578-2,2022-09-02,M09,unknown,no_verificado,no_verificado,,,,Trazo histórico: no implica operación vigente ni tecnología actual
M09-9589,81,XOCH-SAN FRANCISCO,,21.378472038827304,2,M09-9589-1;M09-9589-2,2022-09-02,M09,unknown,no_verificado,no_verificado,,,,Trazo histórico: no implica operación vigente ni tecnología actual
M09-9600,81,XOCH-SANTIAGO TECALPATLALPA,,8.718999997584095,2,M09-9600-1;M09-9600-2,2022-09-02,M09,unknown,no_verificado,no_verificado,,,,Trazo histórico: no implica operación vigente ni tecnología actual
M09-9611,81,XOCH-STA CRUZ ACALPIXCA,,13.667047207769343,2,M09-9611-1;M09-9611-2,2022-09-02,M09,unknown,no_verificado,no_verificado,,,,Trazo histórico: no implica operación vigente ni tecnología actual
M09-9622,81,XOCH-TOPILEJO,,19.054601665750845,2,M09-9622-1;M09-9622-2,2022-09-02,M09,unknown,no_verificado,no_verificado,,,,Trazo histórico: no implica operación vigente ni tecnología actual
M09-9633,81,XOCH-TULYEHUALCO,rUTA 20,26.744489150606817,2,M09-9633-1;M09-9633-2,2022-09-02,M09,unknown,no_verificado,no_verificado,,,,Trazo histórico: no implica operación vigente ni tecnología actual
M09-9644,81,XOCH-XOCHITEPEC,,13.520232355742312,2,M09-9644-1;M09-9644-2,2022-09-02,M09,unknown,no_verificado,no_verificado,,,,Trazo histórico: no implica operación vigente ni tecnología actual
M09-9655,81,XOCH- SN GREGORIO,,11.496179605644976,2,M09-9655-1;M09-9655-2,2022-09-02,M09,unknown,no_verificado,no_verificado,,,,Trazo histórico: no implica operación vigente ni tecnología actual
M09-9666,83,EDUARDO MOLINA,"Dimencionamiento de 639 mts de Heroes de Nacozari a Primer Retorno de Ignacion zaragoza


de San Lazaro A La calle San Antonio Tomatlan Dimencionamiento de 530  Mts.",11.446010250056943,1,M09-9666-1,2022-09-02,M09,unknown,no_verificado,no_verificado,,,,Trazo histórico: no implica operación vigente ni tecnología actual
M09-9675,83,RUTA 88,Dimencionamiento 3 km 500 mts,5.558297131602824,1,M09-9675-1,2022-09-02,M09,unknown,no_verificado,no_verificado,,,,Trazo histórico: no implica operación vigente ni tecnología actual
M09-9684,83,SAN LAZARO CAMPESTRE GUADALUPANA,,27.64262976572972,3,M09-9684-1;M09-9684-2;M09-9684-3,2022-09-02,M09,unknown,no_verificado,no_verificado,,,,Trazo histórico: no implica operación vigente ni tecnología actual
M09-9697,84,"METRO TAXQUE?A  -  C.T.M. CULHUACAN, SECCIONES 8 Y 9",,18.3579353321202,2,M09-9697-1;M09-9697-2,2022-09-02,M09,unknown,no_verificado,no_verificado,,,,Trazo histórico: no implica operación vigente ni tecnología actual
M09-9708,84,"METRO TAXQUE?A  -  C.T.M. CULHUACAN, SECCION 10","METRO TAXQUE?A  -  C.T.M. CULHUACAN, SECCION 10",17.97078554538011,2,M09-9708-1;M09-9708-2,2022-09-02,M09,unknown,no_verificado,no_verificado,,,,Trazo histórico: no implica operación vigente ni tecnología actual
M09-9719,84,"METRO TAXQUE?A  -  INFONAVIT CULHUACAN, SECCIONES 18 Y 19","METRO TAXQUE?A  -  INFONAVIT CULHUACAN, SECCIONES 18 Y 19",14.039011925144141,2,M09-9719-1;M09-9719-2,2022-09-02,M09,unknown,no_verificado,no_verificado,,,,Trazo histórico: no implica operación vigente ni tecnología actual
M09-9730,84,METRO TAXQUE?A  -  LOMAS ESTRELLA,METRO TAXQUE?A  -  LOMAS ESTRELLA,17.627732544412147,2,M09-9730-1;M09-9730-2,2022-09-02,M09,unknown,no_verificado,no_verificado,,,,Trazo histórico: no implica operación vigente ni tecnología actual
M09-9741,84,METRO TAXQUE?A  -  SECRETARIA DE MARINA,METRO TAXQUE?A  -  SECRETARIA DE MARINA,7.602108044225404,2,M09-9741-1;M09-9741-2,2022-09-02,M09,unknown,no_verificado,no_verificado,,,,Trazo histórico: no implica operación vigente ni tecnología actual
M09-9752,84,U.A.M. XOCHIMILCO  -  METRO TAXQUE?A,U.A.M. XOCHIMILCO  -  METRO TAXQUE?A,16.26892982527762,2,M09-9752-1;M09-9752-2,2022-09-02,M09,unknown,no_verificado,no_verificado,,,,Trazo histórico: no implica operación vigente ni tecnología actual
M09-9763,84,METRO TAXQUE?A  -  UNIDAD HABITACIONAL IGNACIO CHAVEZ CIERRE DE CIRCUITO,METRO TAXQUE?A  -  UNIDAD HABITACIONAL IGNACIO CHAVEZ cierre de circuito,20.319487217496615,2,M09-9763-1;M09-9763-2,2022-09-02,M09,unknown,no_verificado,no_verificado,,,,Trazo histórico: no implica operación vigente ni tecnología actual
M09-9774,84,TAXQUE?A - UAM X BACH 4,taxque?a - uam x bach 4,20.063171323851595,2,M09-9774-1;M09-9774-2,2022-09-02,M09,unknown,no_verificado,no_verificado,,,,Trazo histórico: no implica operación vigente ni tecnología actual
M09-9785,84,TAXQUE?A - UAM X SANTA ANA,taxque?a - uam x santa ana,20.004394151991722,2,M09-9785-1;M09-9785-2,2022-09-02,M09,unknown,no_verificado,no_verificado,,,,Trazo histórico: no implica operación vigente ni tecnología actual
M09-9796,84,TAXQUE?A - UAM POR CHEROKEES,taxque?a - uam por cherokees,18.511249296614693,2,M09-9796-1;M09-9796-2,2022-09-02,M09,unknown,no_verificado,no_verificado,,,,Trazo histórico: no implica operación vigente ni tecnología actual
M09-9807,85,METRO CANDELARIA AMECAMECA,,117.56951714452606,2,M09-9807-1;M09-9807-2,2022-09-02,M09,unknown,no_verificado,no_verificado,,,,Trazo histórico: no implica operación vigente ni tecnología actual
M09-9818,85,METRO CANDELARIA TLALMANALCO DIRECTO POR SAN ANDRES,METRO CANDELARIA TLALMANALCO DIRECTO POR SAN ANDRES,94.46966531734176,2,M09-9818-1;M09-9818-2,2022-09-02,M09,unknown,no_verificado,no_verificado,,,,Trazo histórico: no implica operación vigente ni tecnología actual
M09-9829,85,METRO CANDELARIA TLALMANALCO MIRAFLORES,,94.34014747125418,2,M09-9829-1;M09-9829-2,2022-09-02,M09,unknown,no_verificado,no_verificado,,,,Trazo histórico: no implica operación vigente ni tecnología actual
M09-9840,85,METRO CANDELARIA - CHALCO CENTRO,METRO CANDELARIA - CHALCO CENTRO CHAPALA EXHACIENDA DE GUADALUPE,86.73032583608868,2,M09-9840-1;M09-9840-2,2022-09-02,M09,unknown,no_verificado,no_verificado,,,,Trazo histórico: no implica operación vigente ni tecnología actual
M09-9851,85,METRO CANDELARIA  -ECATZINGO,,160.53314141775633,2,M09-9851-1;M09-9851-2,2022-09-02,M09,unknown,no_verificado,no_verificado,,,,Trazo histórico: no implica operación vigente ni tecnología actual
M09-9862,85,METRO CANDELARIA - JUCHITEPEC,,122.94298960584294,2,M09-9862-1;M09-9862-2,2022-09-02,M09,unknown,no_verificado,no_verificado,,,,Trazo histórico: no implica operación vigente ni tecnología actual
M09-9873,85,METRO CANDELARIA - OZUMBA,,135.86840314781398,2,M09-9873-1;M09-9873-2,2022-09-02,M09,unknown,no_verificado,no_verificado,,,,Trazo histórico: no implica operación vigente ni tecnología actual
M09-9884,85,METRO CANDELARIA - CHALCO PARADERO,,78.66678703881938,3,M09-9884-1;M09-9884-2;M09-9884-3,2022-09-02,M09,unknown,no_verificado,no_verificado,,,,Trazo histórico: no implica operación vigente ni tecnología actual
M09-9897,85,METRO CANDELARIA - CUAUTLA MANANTIALES,,212.8800401788217,4,M09-9897-1;M09-9897-2;M09-9897-3;M09-9897-4,2022-09-02,M09,unknown,no_verificado,no_verificado,,,,Trazo histórico: no implica operación vigente ni tecnología actual
M09-9912,85,METRO CANDELARIA - CUAUTLA VIAS,,211.88125236953616,4,M09-9912-1;M09-9912-2;M09-9912-3;M09-9912-4,2022-09-02,M09,unknown,no_verificado,no_verificado,,,,Trazo histórico: no implica operación vigente ni tecnología actual
M09-9927,87,TAXQUEÑA BELVEDERE,,38.90605171240783,2,M09-9927-1;M09-9927-2,2022-09-02,M09,unknown,no_verificado,no_verificado,,,,Trazo histórico: no implica operación vigente ni tecnología actual
M09-9938,87,TAXQUE?A BOSQUES DEL PEDREGAL,,42.01902046106616,2,M09-9938-1;M09-9938-2,2022-09-02,M09,unknown,no_verificado,no_verificado,,,,Trazo histórico: no implica operación vigente ni tecnología actual
M09-9949,88,METRO AEROPUERTO  - HAB LA ESPERANZA,AEROPUERTO  - HAB LA ESPERANZA,21.77522843162551,2,M09-9949-1;M09-9949-2,2022-09-02,M09,unknown,no_verificado,no_verificado,,,,Trazo histórico: no implica operación vigente ni tecnología actual
M09-9960,88,METRO BALBUENA - PROVIDENCIA SAN FELIPE DE JESUS,METRO BALBUENA - VALLE DE ARAGON 1 SECC,20.233820173519415,2,M09-9960-1;M09-9960-2,2022-09-02,M09,unknown,no_verificado,no_verificado,,,,Trazo histórico: no implica operación vigente ni tecnología actual
M09-9971,88,METRO BALBUENA - VALLE CERRATOS / VALLE DE ARAGON 1 SECC,METRO BALBUENA - VALLE CERRATOS  VALLE DE ARAGON 1 SECC,23.186222196121243,2,M09-9971-1;M09-9971-2,2022-09-02,M09,unknown,no_verificado,no_verificado,,,,Trazo histórico: no implica operación vigente ni tecnología actual
M09-9982,88,METRO BALBUENA - VALLE DE ARAGON 1 SECC,METRO BALBUENA - VALLE DE ARAGON 1 SECC,25.798409754331807,2,M09-9982-1;M09-9982-2,2022-09-02,M09,unknown,no_verificado,no_verificado,,,,Trazo histórico: no implica operación vigente ni tecnología actual
M09-9993,88,ETRO PINO SU?REZ-  VALLE DE ARAG?N 1?. SECC,Metro Pino Su?rez-  Valle de Arag?n 1?. Secc.,29.083102608308938,2,M09-9993-1;M09-9993-2,2022-09-02,M09,unknown,no_verificado,no_verificado,,,,Trazo histórico: no implica operación vigente ni tecnología actual
M09-10004,88,METRO  SAN L?ZARO-V. DE GUADALUPE POR VILLA DE AYALA Y V. SANTIAGO 1 Y 3,Metro  San L?zaro- -V. de Guadalupe por Villa de Ayala y V. Santiago 1 y 3,31.834931218008233,2,M09-10004-1;M09-10004-2,2022-09-02,M09,unknown,no_verificado,no_verificado,,,,Trazo histórico: no implica operación vigente ni tecnología actual
M09-10015,88,METRO  SAN L?ZARO- SAN FELIPE DE JES?S,Metro  San L?zaro- San Felipe de Jes?s,25.068197866099982,2,M09-10015-1;M09-10015-2,2022-09-02,M09,unknown,no_verificado,no_verificado,,,,Trazo histórico: no implica operación vigente ni tecnología actual
M09-10026,88,METRO  SAN L?ZARO- VALLE DE GUADALUPE,Metro  San L?zaro- Valle de Guadalupe,32.16206516657217,2,M09-10026-1;M09-10026-2,2022-09-02,M09,unknown,no_verificado,no_verificado,,,,Trazo histórico: no implica operación vigente ni tecnología actual
M09-10037,88,ZAPATA ? GIGANTE ? AV. CENTRAL,METRO AEROPUERTO ZAPATA - GIGANTE - AV. CENTRAL,31.46579321107731,2,M09-10037-1;M09-10037-2,2022-09-02,M09,unknown,no_verificado,no_verificado,,,,Trazo histórico: no implica operación vigente ni tecnología actual
M09-10048,88,METRO BALBUENA - AV. 414,,16.460631002340488,2,M09-10048-1;M09-10048-2,2022-09-02,M09,unknown,no_verificado,no_verificado,,,,Trazo histórico: no implica operación vigente ni tecnología actual
M09-10059,88,METRO AEROPUETO - VALLE DE ARAG?N 3ERA SECC.,Metro Aeropueto - Valle de Arag?n 3era secc,31.352532070786424,2,M09-10059-1;M09-10059-2,2022-09-02,M09,unknown,no_verificado,no_verificado,,,,Trazo histórico: no implica operación vigente ni tecnología actual
M09-10070,89,ROSARIO - CD. LABOR,ROSARIO - CD. LABOR,39.95206597413756,4,M09-10070-1;M09-10070-2;M09-10070-3;M09-10070-4,2022-09-02,M09,unknown,no_verificado,no_verificado,,,,Trazo histórico: no implica operación vigente ni tecnología actual
M09-10085,89,ROSARIO - HIGUERA,ROSARIO - HIGUERA,28.75621150030337,4,M09-10085-1;M09-10085-2;M09-10085-3;M09-10085-4,2022-09-02,M09,unknown,no_verificado,no_verificado,,,,Trazo histórico: no implica operación vigente ni tecnología actual
M09-10100,89,ROSARIO - LOMAS DE ATIZAPAN MEXICO NUEVO,ROSARIO - LOMAS DE ATIZAPAN MEXICO NUEVO,33.62801621133824,4,M09-10100-1;M09-10100-2;M09-10100-3;M09-10100-4,2022-09-02,M09,unknown,no_verificado,no_verificado,,,,Trazo histórico: no implica operación vigente ni tecnología actual
M09-10115,89,ROSARIO - LOMAS LINDAS CAMPESTRE,ROSARIO - LOMAS LINDAS CAMPESTRE,38.2234696143893,4,M09-10115-1;M09-10115-2;M09-10115-3;M09-10115-4,2022-09-02,M09,unknown,no_verificado,no_verificado,,,,Trazo histórico: no implica operación vigente ni tecnología actual
M09-10130,89,ROSARIO - LOMAS LINDAS MONTE MARIA CAMPESTRE,LOMAS LINDAS MONTE MARIA - ROSARIO,39.66069428272691,4,M09-10130-1;M09-10130-2;M09-10130-3;M09-10130-4,2022-09-02,M09,unknown,no_verificado,no_verificado,,,,Trazo histórico: no implica operación vigente ni tecnología actual
M09-10145,89,ROSARIO - SAN PEDRO,ROSARIO - SAN PEDRO,48.909625340501705,4,M09-10145-1;M09-10145-2;M09-10145-3;M09-10145-4,2022-09-02,M09,unknown,no_verificado,no_verificado,,,,Trazo histórico: no implica operación vigente ni tecnología actual
M09-10160,89,TACUBA - HIGUERA,TACUBA - HIGUERA,39.516653347211474,4,M09-10160-1;M09-10160-2;M09-10160-3;M09-10160-4,2022-09-02,M09,unknown,no_verificado,no_verificado,,,,Trazo histórico: no implica operación vigente ni tecnología actual
M09-10175,89,TACUBA - LOMAS DE ATIZAPAN MEXICO NUEVO,TACUBA - LOMAS DE ATIZAPAN MEXICO NUEVO,44.38675532727414,4,M09-10175-1;M09-10175-2;M09-10175-3;M09-10175-4,2022-09-02,M09,unknown,no_verificado,no_verificado,,,,Trazo histórico: no implica operación vigente ni tecnología actual
M09-10190,89,TACUBA - LOMAS LINDAS MONTE MARIA CAMPESTRE,LOMAS LINDAS MONTE MARIA - TACUBA,50.419579793790746,4,M09-10190-1;M09-10190-2;M09-10190-3;M09-10190-4,2022-09-02,M09,unknown,no_verificado,no_verificado,,,,Trazo histórico: no implica operación vigente ni tecnología actual
M09-10205,89,TACUBA - LOMAS LINDA CAMPESTRE,TACUBA - LOMAS LINDAS CAMPESTRE,48.98497556935841,4,M09-10205-1;M09-10205-2;M09-10205-3;M09-10205-4,2022-09-02,M09,unknown,no_verificado,no_verificado,,,,Trazo histórico: no implica operación vigente ni tecnología actual
M09-10220,89,TACUBA - SAN PEDRO OD,TACUBA - SAN PEDRO,59.66941563679441,4,M09-10220-1;M09-10220-2;M09-10220-3;M09-10220-4,2022-09-02,M09,unknown,no_verificado,no_verificado,,,,Trazo histórico: no implica operación vigente ni tecnología actual
M09-10235,89,TACUBA - CD. LABOR,TACUBA - CD. LABOR,50.710179814129795,4,M09-10235-1;M09-10235-2;M09-10235-3;M09-10235-4,2022-09-02,M09,unknown,no_verificado,no_verificado,,,,Trazo histórico: no implica operación vigente ni tecnología actual
M09-10250,89,METRO OBSERVATORIO INTERLOMAS OLIVO,,21.455082874082407,2,M09-10250-1;M09-10250-2,2022-09-02,M09,unknown,no_verificado,no_verificado,,,,Trazo histórico: no implica operación vigente ni tecnología actual
M09-10261,9,BUCARELI - REYES,REYES BUCARELI,38.26205528877655,4,M09-10261-1;M09-10261-2;M09-10261-3;M09-10261-4,2022-09-02,M09,unknown,no_verificado,no_verificado,,,,Trazo histórico: no implica operación vigente ni tecnología actual
M09-10276,9,CANDELARIA - ESPERANZA IZCALLI,METRO CANDELARIA - ESPERANZA IZCALLI METROPOLITANO,40.425655753425346,4,M09-10276-1;M09-10276-2;M09-10276-3;M09-10276-4,2022-09-02,M09,unknown,no_verificado,no_verificado,,,,Trazo histórico: no implica operación vigente ni tecnología actual
M09-10291,9,CANDELARIA - TOREO /MADRUGADA,METRO CANDELARIA - TOREO /MADRUGADAI METROPOLITANO,35.267634406665294,4,M09-10291-1;M09-10291-2;M09-10291-3;M09-10291-4,2022-09-02,M09,unknown,no_verificado,no_verificado,,,,Trazo histórico: no implica operación vigente ni tecnología actual
M09-10306,9,METRO PANTITLAN II - IZCALLI,METRO PANTITLAN - ESPERANZA IZCALLI,23.872178991292042,4,M09-10306-1;M09-10306-2;M09-10306-3;M09-10306-4,2022-09-02,M09,unknown,no_verificado,no_verificado,,,,Trazo histórico: no implica operación vigente ni tecnología actual
M09-10321,9,METRO PANTITLAN II - TOREO,ESPERANZA IZCALLI - METRO PANTITLAN,20.063099119611593,4,M09-10321-1;M09-10321-2;M09-10321-3;M09-10321-4,2022-09-02,M09,unknown,no_verificado,no_verificado,,,,Trazo histórico: no implica operación vigente ni tecnología actual
M09-10336,9,METRO PANTITLAN - ESPERANZA IZCALLI TREBOL,METRO CANDELARIA - ESPERANZA IZCALLI METROPOLITANO TREBOL,27.35597987823059,4,M09-10336-1;M09-10336-2;M09-10336-3;M09-10336-4,2022-09-02,M09,unknown,no_verificado,no_verificado,,,,Trazo histórico: no implica operación vigente ni tecnología actual
M09-10351,9,METRO PANTITLAN - IZCALLI,METRO PANTITLAN - ESPERANZA IZCALLI,24.31122219099706,4,M09-10351-1;M09-10351-2;M09-10351-3;M09-10351-4,2022-09-02,M09,unknown,no_verificado,no_verificado,,,,Trazo histórico: no implica operación vigente ni tecnología actual
M09-10366,9,METRO PANTITLAN - TOREO,ESPERANZA IZCALLI - METRO PANTITLAN,20.49541934029536,4,M09-10366-1;M09-10366-2;M09-10366-3;M09-10366-4,2022-09-02,M09,unknown,no_verificado,no_verificado,,,,Trazo histórico: no implica operación vigente ni tecnología actual
M09-10381,9,METRO PUEBLA - ESPERANZA KM14,ESPERANZA KM 14 - METRO PUEBLA,28.332439728398775,4,M09-10381-1;M09-10381-2;M09-10381-3;M09-10381-4,2022-09-02,M09,unknown,no_verificado,no_verificado,,,,Trazo histórico: no implica operación vigente ni tecnología actual
M09-10396,9,METRO PUEBLA - TEPOZANES DIRECTO,TEPOZANES - METRO PUEBLA,29.936701440231438,4,M09-10396-1;M09-10396-2;M09-10396-3;M09-10396-4,2022-09-02,M09,unknown,no_verificado,no_verificado,,,,Trazo histórico: no implica operación vigente ni tecnología actual
M09-10411,9,METRO PUEBLA - TEPOZANES POR TEXCOCO,METRO PUEBLA - TEPOZANES POR TEXCOCO,29.622700567120628,4,M09-10411-1;M09-10411-2;M09-10411-3;M09-10411-4,2022-09-02,M09,unknown,no_verificado,no_verificado,,,,Trazo histórico: no implica operación vigente ni tecnología actual
M09-10426,9,METRO ZARAGOZA - ESPERANZA KM14,ESPERANZA KM 14 - METRO ZARAGOZA,28.722644478780808,4,M09-10426-1;M09-10426-2;M09-10426-3;M09-10426-4,2022-09-02,M09,unknown,no_verificado,no_verificado,,,,Trazo histórico: no implica operación vigente ni tecnología actual
M09-10441,9,METRO ZARAGOZA - TEPOZANES,TEPOZANES - METRO ZARAGOZA,28.952774855458127,4,M09-10441-1;M09-10441-2;M09-10441-3;M09-10441-4,2022-09-02,M09,unknown,no_verificado,no_verificado,,,,Trazo histórico: no implica operación vigente ni tecnología actual
M09-10456,9,METRO ZARAGOZA - TEPOZANES POR TEXCOCO,TEPOZANES - METRO ZARAGOZA,28.6359049758025,4,M09-10456-1;M09-10456-2;M09-10456-3;M09-10456-4,2022-09-02,M09,unknown,no_verificado,no_verificado,,,,Trazo histórico: no implica operación vigente ni tecnología actual
M09-10471,9,METRO ZARAGOZA - TOREO,ESPERANZA IZCALLI - ZARAGOZA,24.368180398865878,4,M09-10471-1;M09-10471-2;M09-10471-3;M09-10471-4,2022-09-02,M09,unknown,no_verificado,no_verificado,,,,Trazo histórico: no implica operación vigente ni tecnología actual
M09-10486,9,PANTITLAN  II - PERLA / REFORMA,PERLA / REFORMA -  PANTITLAN II,24.23753955991648,4,M09-10486-1;M09-10486-2;M09-10486-3;M09-10486-4,2022-09-02,M09,unknown,no_verificado,no_verificado,,,,Trazo histórico: no implica operación vigente ni tecnología actual
M09-10501,9,PANTITLAN - PERLA / REFORMA,PERLA / REFORMA -  PANTITLAN,24.6530313655155,4,M09-10501-1;M09-10501-2;M09-10501-3;M09-10501-4,2022-09-02,M09,unknown,no_verificado,no_verificado,,,,Trazo histórico: no implica operación vigente ni tecnología actual
M09-10516,9,CANDELARIA -  LA PERLA,PERLA REFORMA - METRO CANDELARIA,39.20682169822406,4,M09-10516-1;M09-10516-2;M09-10516-3;M09-10516-4,2022-09-02,M09,unknown,no_verificado,no_verificado,,,,Trazo histórico: no implica operación vigente ni tecnología actual
M09-10531,9,CARCEL - ESPERANZA IZCALLI,CARCEL - ESPERANZA IZCALLI,10.75872459829689,4,M09-10531-1;M09-10531-2;M09-10531-3;M09-10531-4,2022-09-02,M09,unknown,no_verificado,no_verificado,,,,Trazo histórico: no implica operación vigente ni tecnología actual
M09-10546,9,CARCEL - ESTADIO,CARCEL - ESTADIO,14.976867870056171,4,M09-10546-1;M09-10546-2;M09-10546-3;M09-10546-4,2022-09-02,M09,unknown,no_verificado,no_verificado,,,,Trazo histórico: no implica operación vigente ni tecnología actual
M09-10561,9,CARCEL - LOMA BONITA,CARCEL - LOMA BONITA,9.706317347144267,4,M09-10561-1;M09-10561-2;M09-10561-3;M09-10561-4,2022-09-02,M09,unknown,no_verificado,no_verificado,,,,Trazo histórico: no implica operación vigente ni tecnología actual
M09-10576,9,METRO SANTA MARTHA - ESPERANZA IZCALLI,METRO SANTA MARTHA - ESPERANZA IZCALLI,9.552146248040817,4,M09-10576-1;M09-10576-2;M09-10576-3;M09-10576-4,2022-09-02,M09,unknown,no_verificado,no_verificado,,,,Trazo histórico: no implica operación vigente ni tecnología actual
M09-10591,9,METRO ZARAGOZA - ROMERO VIRGENES POR AV MEXICO,METRO ZARAGOZA - ROMERO VIRGENES METROPOLITANO,20.479537640121034,4,M09-10591-1;M09-10591-2;M09-10591-3;M09-10591-4,2022-09-02,M09,unknown,no_verificado,no_verificado,,,,Trazo histórico: no implica operación vigente ni tecnología actual
M09-10606,9,METRO ZARAGOZA - ROMERO VIRGENES POR AV NEZA,METRO ZARAGOZA - ROMERO VIRGENES METROPOLITANO POR AV NEZA,19.502090394904684,4,M09-10606-1;M09-10606-2;M09-10606-3;M09-10606-4,2022-09-02,M09,unknown,no_verificado,no_verificado,,,,Trazo histórico: no implica operación vigente ni tecnología actual
M09-10621,9,METRO ZARAGOZA - SOR JUANA,METRO ZARAGOZA - SOR JUANA METROPOLITANO,25.163061721262608,4,M09-10621-1;M09-10621-2;M09-10621-3;M09-10621-4,2022-09-02,M09,unknown,no_verificado,no_verificado,,,,Trazo histórico: no implica operación vigente ni tecnología actual
M09-10636,9,PANTITLAN II- PIRULES,R-9 PIRULES - METRO PANTITLAN METRO POLITANO,11.704088748964343,4,M09-10636-1;M09-10636-2;M09-10636-3;M09-10636-4,2022-09-02,M09,unknown,no_verificado,no_verificado,,,,Trazo histórico: no implica operación vigente ni tecnología actual
M09-10651,9,PANTITLAN - PIRULES,R-9 METRO PANTITLAN - PIRULES,12.116462576821162,4,M09-10651-1;M09-10651-2;M09-10651-3;M09-10651-4,2022-09-02,M09,unknown,no_verificado,no_verificado,,,,Trazo histórico: no implica operación vigente ni tecnología actual
M09-10666,9,SANTA MARTHA - ESTADIO,METRO SANTA MARTHA - ESTADIO,13.770289519800098,4,M09-10666-1;M09-10666-2;M09-10666-3;M09-10666-4,2022-09-02,M09,unknown,no_verificado,no_verificado,,,,Trazo histórico: no implica operación vigente ni tecnología actual
M09-10681,9,SANTA MARTHA - LOMA BONITA,SANTA MARTHA - LOMA BONITA METRO POLITANO,8.502334931522032,4,M09-10681-1;M09-10681-2;M09-10681-3;M09-10681-4,2022-09-02,M09,unknown,no_verificado,no_verificado,,,,Trazo histórico: no implica operación vigente ni tecnología actual
M09-10696,9,TEPALCATES  KENTUCKY - ROMERO VIRGENES,TEPALCATES KENTUCKY - ROMERO VIRGENES METROPOLITANO,9.393716394426168,4,M09-10696-1;M09-10696-2;M09-10696-3;M09-10696-4,2022-09-02,M09,unknown,no_verificado,no_verificado,,,,Trazo histórico: no implica operación vigente ni tecnología actual
M09-10711,9,TEPALCATES - ROMERO VIRGENES,TEPALCATES - ROMERO VIRGENES METROPOLITANO,9.50623673456934,4,M09-10711-1;M09-10711-2;M09-10711-3;M09-10711-4,2022-09-02,M09,unknown,no_verificado,no_verificado,,,,Trazo histórico: no implica operación vigente ni tecnología actual
M09-10726,9,SAN JUAN - IZCALLI,SAN JUAN - ESPERANZA IZCALLI,26.79994292689255,4,M09-10726-1;M09-10726-2;M09-10726-3;M09-10726-4,2022-09-02,M09,unknown,no_verificado,no_verificado,,,,Trazo histórico: no implica operación vigente ni tecnología actual
M09-10741,9,METRO AEROPUERTO - SAN SEBASTIAN / PARAJE ZACATEPEC DIRECTO,SAN SEBASTIAN / PARAJE ZACATEPEC - METRO AEROPUERTO,27.44612629188656,2,M09-10741-1;M09-10741-2,2022-09-02,M09,unknown,no_verificado,no_verificado,,,,Trazo histórico: no implica operación vigente ni tecnología actual
M09-10752,9,METRO AEROPUERTO - SAN SEBASTIAN / PARAJE ZACATEPEC ORDINARIO,SAN SEBASTIAN / PARAJE ZACATEPEC - METRO AEROPUERTO,27.389923935705294,2,M09-10752-1;M09-10752-2,2022-09-02,M09,unknown,no_verificado,no_verificado,,,,Trazo histórico: no implica operación vigente ni tecnología actual
M09-10763,9,METRO AEROPUERTO - UNIDAD ERMITA ZARAGOZA,UNIDAD ERMITA ZARAGOZA - METRO AEROPUERTO,32.27772541026185,2,M09-10763-1;M09-10763-2,2022-09-02,M09,unknown,no_verificado,no_verificado,,,,Trazo histórico: no implica operación vigente ni tecnología actual
M09-10774,9,METRO AEROPUERTO -  SOLIRADIDAD,SOLIDARIDAD - METRO AEROPUERTO,24.62237781374849,2,M09-10774-1;M09-10774-2,2022-09-02,M09,unknown,no_verificado,no_verificado,,,,Trazo histórico: no implica operación vigente ni tecnología actual
M09-10785,9,METRO PUEBLA - EJERCITO DE ORIENTE,EJERCITO DE ORIENTE - METRO PUEBLA,24.483093210915744,2,M09-10785-1;M09-10785-2,2022-09-02,M09,unknown,no_verificado,no_verificado,,,,Trazo histórico: no implica operación vigente ni tecnología actual
M09-10796,9,METRO ZARAGOZA - EJERCITO DE ORIENTE,EJERCITO DE ORIENTE - METRO ZARAGOZA,24.874783531158826,2,M09-10796-1;M09-10796-2,2022-09-02,M09,unknown,no_verificado,no_verificado,,,,Trazo histórico: no implica operación vigente ni tecnología actual
M09-10807,9,METRO ZARAGOZA - PARAISO,PARAISO - METRO ZARAGOZA,18.730295829825735,2,M09-10807-1;M09-10807-2,2022-09-02,M09,unknown,no_verificado,no_verificado,,,,Trazo histórico: no implica operación vigente ni tecnología actual
M09-10818,9,CANDELARIA - SAN SEBASTIAN / PARAJE ZACATEPEC POR REP. FEDERAL SUR,ZACATEPEC - METRO CANDELARIA,35.54635817681949,2,M09-10818-1;M09-10818-2,2022-09-02,M09,unknown,no_verificado,no_verificado,,,,Trazo histórico: no implica operación vigente ni tecnología actual
M09-10829,91,RUTA 91,METRO TAXQUE?A  LOMAS DE SAN LORENZO,30.39640734484251,2,M09-10829-1;M09-10829-2,2022-09-02,M09,unknown,no_verificado,no_verificado,,,,Trazo histórico: no implica operación vigente ni tecnología actual
M09-10840,91,CONSEJO AGRARISTA - TAXQUE?A,Consejo Agrarista - Taxque?a,31.797269210505696,2,M09-10840-1;M09-10840-2,2022-09-02,M09,unknown,no_verificado,no_verificado,,,,Trazo histórico: no implica operación vigente ni tecnología actual
M09-10851,93,XOCHIMILCO CENTRO - SAN PABLO OZTOTEPEC (SAN PABLO O. - MILPA ALTA),"RUTA 93

PARTIENDO DE SU ZONA DE ASCENSO Y DESCENSO DE ORIGEN POR NUEVO LE?N, DER. 16 DE SEPTIEMBRE, IZQ. PINO, IZQ. PEDRO RAM?REZ DEL CASTILLO, IZQ. CUAUHT?MOC, DER. MORELOS, CONTINUA PROL. 16 DE SEPTIEMBRE, DER. CUAUHT?MOC, DER. MIGUEL HIDALGO, CONTINU",31.699678211733737,2,M09-10851-1;M09-10851-2,2022-09-02,M09,unknown,no_verificado,no_verificado,,,,Trazo histórico: no implica operación vigente ni tecnología actual
M09-10862,94,PROPUESTAS,PARADERO LA HABANA- METRO TLAHUAC,8.306242410687373,2,M09-10862-1;M09-10862-2,2022-09-02,M09,unknown,no_verificado,no_verificado,,,,Trazo histórico: no implica operación vigente ni tecnología actual
M09-10873,94,PROPUESTAS,ALARGAMIENTO DE TAXQUE?A TEMPILULI CETRAM TLAHUAC,9.977413335613106,2,M09-10873-1;M09-10873-2,2022-09-02,M09,unknown,no_verificado,no_verificado,,,,Trazo histórico: no implica operación vigente ni tecnología actual
M09-10884,94,TAXQUENA -TLAHUAC,TAXQUENA -TLAHUAC,51.594294848234846,2,M09-10884-1;M09-10884-2,2022-09-02,M09,unknown,no_verificado,no_verificado,,,,Trazo histórico: no implica operación vigente ni tecnología actual
M09-10895,94,TAXQUE?A - H. LOPEZ MATEOS,TAXQUE?A - H. LOPEZ MATEOS,11.441352396501333,2,M09-10895-1;M09-10895-2,2022-09-02,M09,unknown,no_verificado,no_verificado,,,,Trazo histórico: no implica operación vigente ni tecnología actual
M09-10906,94,AMPLICION LA CONCHA - ZAPOTITLAN - CALPUTITLA,AMPLICION LA CONCHA - ZAPOTITLAN - CALPUTITLA,8.679644695695941,2,M09-10906-1;M09-10906-2,2022-09-02,M09,unknown,no_verificado,no_verificado,,,,Trazo histórico: no implica operación vigente ni tecnología actual
M09-10917,94,TAXQUE?A - AMPLIACION LA CONCHA  TEMPILULI,TAXQUE?A - AMPLIACION LA CONCHA  TEMPILULI,40.68853272977525,2,M09-10917-1;M09-10917-2,2022-09-02,M09,unknown,no_verificado,no_verificado,,,,Trazo histórico: no implica operación vigente ni tecnología actual
M09-10928,94,TEMPILULI - CHAPA NIETO  CIERRED DECIRCUITO,PV. 12 VAGONETAS,6.355677012613372,1,M09-10928-1,2022-09-02,M09,unknown,no_verificado,no_verificado,,,,Trazo histórico: no implica operación vigente ni tecnología actual
M09-10937,94,TEMPILULI  - ARCO  ZAPOTITLAN,TEMPILULI  - ARCO  ZAPOTITLAN - ESTUARDO,9.604273776245087,1,M09-10937-1,2022-09-02,M09,unknown,no_verificado,no_verificado,,,,Trazo histórico: no implica operación vigente ni tecnología actual
M09-10946,94,PIRA?A - SANTIAGO ZAPOTITLAN,PIRA?A - SANTIAGO ZAPOTITLAN,14.634326039122875,1,M09-10946-1,2022-09-02,M09,unknown,no_verificado,no_verificado,,,,Trazo histórico: no implica operación vigente ni tecnología actual
M09-10955,94,RUTA 94.KMZ,FUCIONAMIENTO CON LINEA CHI MAL HUACAN,8.817583202353132,1,M09-10955-1,2022-09-02,M09,unknown,no_verificado,no_verificado,,,,Trazo histórico: no implica operación vigente ni tecnología actual
M09-10964,95,CU PARADERO ESTADIO AZTECA,,16.253443249008853,2,M09-10964-1;M09-10964-2,2022-09-02,M09,unknown,no_verificado,no_verificado,,,,Trazo histórico: no implica operación vigente ni tecnología actual
M09-10975,95,METRO C.U. - PARADERO ESTADIO AZTECA,RUTA 95 METRO C.U. - PARADERO ESTADIO AZTECA,18.62437217573487,2,M09-10975-1;M09-10975-2,2022-09-02,M09,unknown,no_verificado,no_verificado,,,,Trazo histórico: no implica operación vigente ni tecnología actual
M09-10986,95,METRO C.U. - SAUZALEZ CETRAM CANAL NACIONAL,SAUZALES - METRO C.U. PARADERO PONIENTE,26.266651661639912,2,M09-10986-1;M09-10986-2,2022-09-02,M09,unknown,no_verificado,no_verificado,,,,Trazo histórico: no implica operación vigente ni tecnología actual
M09-10997,95,METRO C.U. - CANAL NACIONAL,,30.035040330705957,3,M09-10997-1;M09-10997-2;M09-10997-3,2022-09-02,M09,unknown,no_verificado,no_verificado,,,,Trazo histórico: no implica operación vigente ni tecnología actual
M09-11010,99,METRO CUITLÁHUC SAN PEDRO XALPA POR MORELOS,"PARTIENDO DE SU ZONA DE ASCENSO Y DESCENSO DE ORIGEN, POR CALZ. M?XICO TACUBA, DER. LATERAL OTE. DE AV. AQUILES SERDAN, IZQ. AV. 5 DE MAYO CONTIN?A SANTA LUCIA, DER. CALZ. DE LA NARANJA, DER. TIANGUIS, DER. ACALTEPEC, IZQ. CALLE DEL SOL, IZQ. AV. MORELOS",14.231410913455651,2,M09-11010-1;M09-11010-2,2022-09-02,M09,unknown,no_verificado,no_verificado,,,,Trazo histórico: no implica operación vigente ni tecnología actual
M09-11021,99,METRO POPOTLA A. BONFIL. TEPALCAPA,"PARTIENDO DE SU ZONA DE ASCENSO Y DESCENSO DE ORIGEN, POR CALZ. M?XICO TACUBA, DER. AV. AQUILES SERDAN CONTIN?A AV. PARQUE V?A, HASTA EL LIMITE CON EL ESTADO DE M?XICO",16.480802059697144,2,M09-11021-1;M09-11021-2,2022-09-02,M09,unknown,no_verificado,no_verificado,,,,Trazo histórico: no implica operación vigente ni tecnología actual
M09-11032,99,METRO TACUBA BUENAVISTA,"PARTIENDO DE SU ZONA DE ASCENSO Y DESCENSO DE ORIGEN, POR CALZ. M?XICO TACUBA, DER. CALZ. LEGAR?A, VUELTA EN ""U"" A LA ALTURA DE LAGO SUPERIOR PARA CONTINUAR POR LEGAR?A DIRECCI?N PTE.-OTE., DER. GOLFO DE AUSTRALIA, CIRCUNDAR TR?BOL PAR INCORPORARSE A LA",15.275061487949419,2,M09-11032-1;M09-11032-2,2022-09-02,M09,unknown,no_verificado,no_verificado,,,,Trazo histórico: no implica operación vigente ni tecnología actual
M09-11043,99,REVOLUCION TOREO DE CUATRO CAMINOS,"PARTIENDO DE SU ZONA DE ASCENSO Y DESCENSO DE ORIGEN, DER. PUENTE DE ALVARADO CONTIN?A RIBERA DE SAN COSME CONTIN?A CALZ. M?XICO-TACUBA, DER. CALZ. SAN BARTOLO NAUCALPAN, IZQ. CALZ. ING. MILITARES, PAR CONTINUAR SU RECORRIDO EN EL ESTADO DE M?XICO",18.518383820998967,2,M09-11043-1;M09-11043-2,2022-09-02,M09,unknown,no_verificado,no_verificado,,,,Trazo histórico: no implica operación vigente ni tecnología actual
M09-11054,99,TACUBA - BUENAVISTA,,50.55799480200416,2,M09-11054-1;M09-11054-2,2022-09-02,M09,unknown,no_verificado,no_verificado,,,,Trazo histórico: no implica operación vigente ni tecnología actual
M09-11065,99,TACUBA - CD. LABOR,,49.795635163104116,2,M09-11065-1;M09-11065-2,2022-09-02,M09,unknown,no_verificado,no_verificado,,,,Trazo histórico: no implica operación vigente ni tecnología actual
M09-11076,99,TOREO CETRAM BUENAVISTA,,19.271913804699214,2,M09-11076-1;M09-11076-2,2022-09-02,M09,unknown,no_verificado,no_verificado,,,,Trazo histórico: no implica operación vigente ni tecnología actual
M09-11087,99,TOREO REVOLUCION ALAMEDA,,21.465892355000907,2,M09-11087-1;M09-11087-2,2022-09-02,M09,unknown,no_verificado,no_verificado,,,,Trazo histórico: no implica operación vigente ni tecnología actual
M09-11098,99,METRO CUITLÁHUAC ECHEGARAY,"PARTIENDO DE SU ZONA DE ASCENSO Y DESCENSO DE ORIGEN, POR CALZ. M?XICO TACUBA, DER.. AV. AQUILES SERDAN, IZQ. AV. 5 DE MAYO CONTIN?A SANTA LUCIA, DER.. CALZ. DE LA NARANJA, DER. ADRI?N CASTREJON, IZQ. AV. 23 DE ABRIL, DER. CALZ. DE LAS ARMAS, IZQ. ECHEGA",15.809659979501747,2,M09-11098-1;M09-11098-2,2022-09-02,M09,unknown,no_verificado,no_verificado,,,,Trazo histórico: no implica operación vigente ni tecnología actual
M09-11109,99,METRO CUITLÁHUAC LOMAS VERDES,"PROVENIENTES DEL ESTADO DE M?XICO POR ECHEGARAY, DER. CALZ. DE LAS ARMAS, IZQ. 23 DE ABRIL, DER. ENRIQUE A?ORVE, IZQ. CALZ. DE LA NARANJA, IZQ. SANTA LUCIA CONTIN?A 5 DE MAYO,  DER. AQUILES SERDAN, CIRCUNDAR TR?BOL PARA INCORPORARSE A LA CALZ. M?XICO TAC",15.809659979501747,2,M09-11109-1;M09-11109-2,2022-09-02,M09,unknown,no_verificado,no_verificado,,,,Trazo histórico: no implica operación vigente ni tecnología actual
M09-11120,99,METRO CUITLÁHUAC SAN PEDRO XALPA,"PARTIENDO DE SU ZONA DE ASCENSO Y DESCENSO DE DESTINO, POR 23 DE ABRIL, DER. ENRIQUE A?ORVE, IZQ. CALZ. DE LA NARANJA, IZQ. SANTA LUCIA CONTIN?A 5 DE MAYO,  DER. AQUILES SERDAN, CIRCUNDAR TR?BOL PARA INCORPORARSE A LA CALZ. M?XICO TACUBA, VUELTA EN ""U"" A",13.676903715703288,2,M09-11120-1;M09-11120-2,2022-09-02,M09,unknown,no_verificado,no_verificado,,,,Trazo histórico: no implica operación vigente ni tecnología actual
M09-11131,99,TOREO CAMARONES,"PARTIENDO DE SU ZONA DE ASCENSO Y DESCENSO DE ORIGEN, POR RODOLFO GAONA, DER. INGENIEROS MILITARES CONTIN?A PR?L.. INGENIEROS MILITARES, DER. SANTA LUCIA, DER. AV.  DE MAYO CONTIN?A INVIERNO, IZQ. SAL?NICA, IZQ. NORTE 73,    VUELTA EN ""U"" A LA ALTURA DE",9.259360179946379,1,M09-11131-1,2022-09-02,M09,unknown,no_verificado,no_verificado,,,,Trazo histórico: no implica operación vigente ni tecnología actual
M09-11140,99,MAR MEDITARRANEO REYES IXTACALA,,6.882485095851968,1,M09-11140-1,2022-09-02,M09,unknown,no_verificado,no_verificado,,,,Trazo histórico: no implica operación vigente ni tecnología actual
M09-11149,99,TACUBA - IZCALLI DEL VALLE,,49.776040025419704,3,M09-11149-1;M09-11149-2;M09-11149-3,2022-09-02,M09,unknown,no_verificado,no_verificado,,,,Trazo histórico: no implica operación vigente ni tecnología actual
M09-11162,VICSA,SANTA FE - M. AUDITORIO,,29.634105725379037,2,M09-11162-1;M09-11162-2,2022-09-02,M09,unknown,no_verificado,no_verificado,,,,Trazo histórico: no implica operación vigente ni tecnología actual
